-- MySQL dump 10.13  Distrib 5.7.17, for Win64 (x86_64)
--
-- Host: 127.0.0.1    Database: bdlabororto
-- ------------------------------------------------------
-- Server version	5.7.19-log

/*!40101 SET @OLD_CHARACTER_SET_CLIENT=@@CHARACTER_SET_CLIENT */;
/*!40101 SET @OLD_CHARACTER_SET_RESULTS=@@CHARACTER_SET_RESULTS */;
/*!40101 SET @OLD_COLLATION_CONNECTION=@@COLLATION_CONNECTION */;
/*!40101 SET NAMES utf8 */;
/*!40103 SET @OLD_TIME_ZONE=@@TIME_ZONE */;
/*!40103 SET TIME_ZONE='+00:00' */;
/*!40014 SET @OLD_UNIQUE_CHECKS=@@UNIQUE_CHECKS, UNIQUE_CHECKS=0 */;
/*!40014 SET @OLD_FOREIGN_KEY_CHECKS=@@FOREIGN_KEY_CHECKS, FOREIGN_KEY_CHECKS=0 */;
/*!40101 SET @OLD_SQL_MODE=@@SQL_MODE, SQL_MODE='NO_AUTO_VALUE_ON_ZERO' */;
/*!40111 SET @OLD_SQL_NOTES=@@SQL_NOTES, SQL_NOTES=0 */;

--
-- Table structure for table `categoria`
--

DROP TABLE IF EXISTS `categoria`;
/*!40101 SET @saved_cs_client     = @@character_set_client */;
/*!40101 SET character_set_client = utf8 */;
CREATE TABLE `categoria` (
  `CodCat` int(11) NOT NULL AUTO_INCREMENT,
  `Cat_Nome` varchar(100) NOT NULL,
  PRIMARY KEY (`CodCat`)
) ENGINE=InnoDB AUTO_INCREMENT=17 DEFAULT CHARSET=utf8;
/*!40101 SET character_set_client = @saved_cs_client */;

--
-- Dumping data for table `categoria`
--

LOCK TABLES `categoria` WRITE;
/*!40000 ALTER TABLE `categoria` DISABLE KEYS */;
INSERT INTO `categoria` VALUES (1,'ORTODONTIA MÓVEL'),(2,'ACESSÓRIOS'),(3,'ORTODONTIA FIXA'),(4,'ORTOPEDIA FUNCIONAL DOS MAXILARES'),(5,'APARELHOS EM PLACA DE SILICONE E ACETATO'),(6,'PRÓTESES'),(7,'PRÓTESE FIXA/METAL'),(8,'PROTOCOLO '),(9,'METALO CERÂMICA'),(10,'CERÔMERO (RESINA FOTO) ART GLASS'),(11,'Duplicação'),(12,'Vazamento'),(13,'URGÊNCIA '),(14,'DENTES '),(15,'resina foto'),(16,'Gancho de traçao fixo');
/*!40000 ALTER TABLE `categoria` ENABLE KEYS */;
UNLOCK TABLES;

--
-- Table structure for table `cliente`
--

DROP TABLE IF EXISTS `cliente`;
/*!40101 SET @saved_cs_client     = @@character_set_client */;
/*!40101 SET character_set_client = utf8 */;
CREATE TABLE `cliente` (
  `CodCli` int(11) NOT NULL AUTO_INCREMENT,
  `Cli_Nome` varchar(100) NOT NULL,
  `Cli_Fixo` varchar(18) DEFAULT NULL,
  `Cli_Celular` varchar(18) DEFAULT NULL,
  `Cli_Local` varchar(100) NOT NULL,
  `Cli_Secretaria` varchar(100) NOT NULL,
  `Cli_CPF` varchar(20) DEFAULT NULL,
  `Cli_CRO` varchar(20) DEFAULT NULL,
  `Cli_Tipo` tinyint(1) DEFAULT NULL,
  `Cli_saldo` decimal(10,2) DEFAULT NULL,
  PRIMARY KEY (`CodCli`)
) ENGINE=InnoDB AUTO_INCREMENT=63 DEFAULT CHARSET=utf8;
/*!40101 SET character_set_client = @saved_cs_client */;

--
-- Dumping data for table `cliente`
--

LOCK TABLES `cliente` WRITE;
/*!40000 ALTER TABLE `cliente` DISABLE KEYS */;
INSERT INTO `cliente` VALUES (7,'Adelaide','46145578','999902139','Silvio Pedroso, n 30. Sala 13, Cotia Centro ','Maria ','','70816',1,2.80),(8,'Benedito Luiz ','47032806','975991904','Senador feijo, 270. 1º andar Cotia Centro ','Elisangela','','12029',1,0.00),(11,'Eliane Venâncio ','(15) 3248-3169','98146-2492','Prof Angelino Falci, sala 06 . Centro Ibiuna sp ','Edir ','','83086',1,-1270.00),(12,'Esthefanie - Vianna Odont','46121375','97413-5364','Rua Gal. Fernando, 01 Granja Vianna ','Andressa ','392.098.058-10','',1,0.00),(13,'Esthefanie - Odonto Company','4616-6395','97413-5364','Prof. Manoel Jose Pedroso, 119. Pq Bahia Cotia Centro','Jessica/Ana Caroline ','392.098.058-10','',1,0.00),(14,'Daniel Santos - Caucaia','4242-2273','99952-7373','Av Inocencio P. de Oliveira, 03. Caucaia ','Claudia ','','98568',1,0.00),(17,'Daniel Santos - VGP','4158-5048','99952-7373','Av Elias Alves da Costa,492','Eliane','','98568',1,0.00),(18,'Fernando Miramontes','4703-3337','4616-2451','Rua Jorge Caixe, 371. 1 º andar, sala 6 e 7. Portão, Cotia.','Carla/Debora/Ariane ','','41640',1,0.00),(19,'Katy','4703-3337','4616-2451','Rua Jorge Caixe, 371. 1 º andar, sala 6 e 7. Portão, Cotia.','Carla/Debora/Ariane ','','90862',1,0.00),(20,'Kiosh ','4614-5480','98205-5669','','','','',1,0.00),(21,'Jose Magnus Nogueira ','4703-4962','','Joaquim Horacio Pedroso, 24 Centro Cotia ','Nivia','','28212',1,0.00),(22,'Katherine ','4616-6395','','Prof Manoel Jose Pedroso, 119. Pq Bahia. Cotia ','Jessica/ Ana Caroline','','77621',1,-976.50),(23,'Livia Eisler Pompeia ','46164419','99902-6703','Rua Doutor Ladislau Retti, 32. Sala 3 Parque Alexandre','Juliete','','100886',1,-1075.75),(24,'Monika','4614-3586','','Rua Senador Feijo, 292, sala 01. Centro Cotia','','','58049',1,0.00),(25,'Milton Loures ','4789-4077','95637-2363','Av Conceição Sammartino, 200. Jandira SP ','Erika','258.505.556-68','20016',1,-5310.00),(27,'Pedro B. Neto Caucaia ','4611-1157','99615-9629','Rua Manoel Carlos F. de Almeida, 19. Caucaia','','','37539',1,0.00),(28,'Pedro B. Neto Cotia ','4616-4736','4616-4733','Rua Senador Feijó, 178, sala 4. Centro','Mafalda ','','37539',1,0.00),(29,'Lepo','4616-3389','','Rua Batista Cepelos, 119, Centro Cotia ','Bianca','','',0,0.00),(30,'Tereza Caucaia','4611-1157','99615-9629','Rua Manoel Carlos F. de Almeida, 19. Caucaia ','','','',1,0.00),(31,'Moises ','','97193-8171','','','','',2,0.00),(32,'Ronaldo ','4242-1076','99819-9490','Av. Inocêncio P. de Oliveira, 209 ','Leila','','',1,0.00),(34,'Patricia ( Dr fernando)','4703-3337','4616-2451','Rua Jorge Caixe, 371. 1 º andar, sala 6 e 7. Portão, Cotia.','Carla/Debora/Ariane ','','',1,0.00),(35,'LIPPEN ','4551-7170','94130-0438','Rua Senador Feijó, 50 - 1º andar, sala 1, Cotia.','','','',0,-128.00),(36,'FABIANA TRISTAO ','4612-2136','','Estrada Fernando Nobre,817. Sala 04. Parque Rincão ','','','',1,0.00),(37,'KARINA GRANJA ','4612-1375','','Gal. Fernando V.C. 01, Granja Vianna. The Point','ANDRESSA ','','',1,0.00),(38,'NEUZA ','97203-7161','','','','','',2,0.00),(39,'SHEYLA ','','','','RAQUEL','','',1,0.00),(41,'Fabiane - Dr Alex ','47037756','4614-1647','Jorge Caixe, 24. Portao, Cotia.','','','',1,0.00),(42,'Paulo ','','','','','','',2,0.00),(43,'Eliberto','99868-0793','','','','','',1,0.00),(45,'Patricia (Cotia) ','4616-4736','99754-9443','Senador Feijõ, 178. Centro ','Mafalda','','',1,0.00),(46,'ROSIANI ','998000379','','','','','',1,0.00),(47,'Fabianne Esbravatt','41843038','','Rafael Peangelo Souza,86','Deise ',NULL,'',1,0.00),(48,'TACYENE LEPO  ','4616-3389','95292-9966','Rua Batista Cepelos, 119','Bianca',NULL,'',1,1.00),(49,'Tacyane - Miranda Odont. ','','','Senador Feijó n 279. Centro Cotia ','',NULL,'',1,0.00),(50,'TACYENE - Cotiana ','','','','',NULL,'',1,0.00),(51,'Tacyene Fabidente ','','','','',NULL,'',1,0.00),(53,'Tatiane dos Santos ','46115228','99711-3829','Av. Inocencio Pires de Oliveira, 29. sala 04 ','Monica ',NULL,'98611',1,0.00),(54,'Mariana ','','','','',NULL,'',1,0.00),(55,'Esthefanie Part. ','','','','',NULL,'',1,0.00),(56,'ODONTO FAMILY ','4616-2533','96371-9717','Av Ivo Mario Isaac Pires, 850. sala 11 ','',NULL,'',0,0.00),(57,'LEONARDO - Paulinho ','','','','',NULL,'',2,0.00),(58,'Avulsos','','','','',NULL,'',1,0.00),(59,'Priscila M.França de Oliveira','4616-4736','978399756','Rua Senador Feijor 178 sala 4 - centro cotia sp cep 06700-075','Mafalda',NULL,'58469',1,0.00),(60,'ROGERIO ','4551-0409','947266181','Rua dos Odes, 741 Jardim Nova Vida ','',NULL,'',2,0.00),(61,'Esthefanie lll ','','','Jorge Caixe, 371. Sala 13. ','',NULL,'',1,0.00),(62,'LILIANE DA SILVA ','47032806','','RUA SENADOR FEIJÓ, 270. CENTRO SP ','BRUNA ',NULL,'106701',1,0.00);
/*!40000 ALTER TABLE `cliente` ENABLE KEYS */;
UNLOCK TABLES;

--
-- Table structure for table `despesas`
--

DROP TABLE IF EXISTS `despesas`;
/*!40101 SET @saved_cs_client     = @@character_set_client */;
/*!40101 SET character_set_client = utf8 */;
CREATE TABLE `despesas` (
  `CodDesp` int(11) NOT NULL AUTO_INCREMENT,
  `Desp_Tipo` varchar(20) DEFAULT NULL,
  `Desp_Titulo` varchar(11) DEFAULT NULL,
  `Desp_Preco` decimal(6,2) DEFAULT NULL,
  `Desp_dt` varchar(16) DEFAULT NULL,
  PRIMARY KEY (`CodDesp`)
) ENGINE=InnoDB AUTO_INCREMENT=36 DEFAULT CHARSET=utf8;
/*!40101 SET character_set_client = @saved_cs_client */;

--
-- Dumping data for table `despesas`
--

LOCK TABLES `despesas` WRITE;
/*!40000 ALTER TABLE `despesas` DISABLE KEYS */;
INSERT INTO `despesas` VALUES (6,'Laboratorio','cosme ',300.00,'01/12/2017'),(7,'Particular','despesa ',38.00,'29/11/2017'),(8,'Laboratorio','d andaluz ',890.00,'29/11/2017'),(9,'Laboratorio','d sansey ',150.00,'29/11/2017'),(10,'Laboratorio','giovanna ',500.00,'29/11/2017'),(11,'Particular','Maria ',100.00,'01/12/2017'),(12,'Laboratorio','willian ',260.00,'01/12/2017'),(13,'Laboratorio','Nivaldo ',210.00,'01/12/2017'),(14,'Laboratorio','mangueira ',121.50,'04/12/2017'),(15,'Particular','eldorado ',106.50,'04/12/2017'),(16,'Particular','rek rik ',35.00,'04/12/2017'),(17,'Particular','renner ',99.50,'04/12/2017'),(18,'Particular','farmacia ',53.00,'04/12/2017'),(20,'Laboratorio','Pedro Po ',340.00,'05/12/2017'),(21,'Particular','luz casa ',206.68,'11/12/2017'),(22,'Laboratorio','luz lab ',197.42,'11/12/2017'),(23,'Particular','despesa sil',85.00,'11/12/2017'),(24,'Particular','cartao visa',185.00,'11/12/2017'),(25,'Particular','net ',283.00,'11/12/2017'),(26,'Particular','carmem ',64.00,'13/12/2017'),(27,'Laboratorio','d andaluz ',1180.00,'13/12/2017'),(28,'Laboratorio','d sansey',4945.00,'13/12/2017'),(29,'Particular','lanche cig',31.00,'14/12/2017'),(30,'Particular','feira ',55.00,'14/12/2017'),(31,'Laboratorio','giovanna ',500.00,'14/12/2017'),(32,'Laboratorio','crosp ',303.00,'14/12/2017'),(33,'Laboratorio','COSME',125.00,'22/12/2017'),(34,'Particular','MERCADO ',700.00,'19/12/2017'),(35,'Laboratorio','VISA ',185.00,'19/12/2017');
/*!40000 ALTER TABLE `despesas` ENABLE KEYS */;
UNLOCK TABLES;

--
-- Table structure for table `financeiro`
--

DROP TABLE IF EXISTS `financeiro`;
/*!40101 SET @saved_cs_client     = @@character_set_client */;
/*!40101 SET character_set_client = utf8 */;
CREATE TABLE `financeiro` (
  `CodFin` int(11) NOT NULL AUTO_INCREMENT,
  `Fin_renda_neg` decimal(10,2) DEFAULT NULL,
  `Fin_renda_pos` decimal(10,2) DEFAULT NULL,
  `Fin_renda_Total` decimal(10,2) DEFAULT NULL,
  `Fin_Mes` int(2) DEFAULT NULL,
  `Fin_Ano` int(4) DEFAULT NULL,
  PRIMARY KEY (`CodFin`)
) ENGINE=InnoDB DEFAULT CHARSET=utf8;
/*!40101 SET character_set_client = @saved_cs_client */;

--
-- Dumping data for table `financeiro`
--

LOCK TABLES `financeiro` WRITE;
/*!40000 ALTER TABLE `financeiro` DISABLE KEYS */;
/*!40000 ALTER TABLE `financeiro` ENABLE KEYS */;
UNLOCK TABLES;

--
-- Table structure for table `lucros`
--

DROP TABLE IF EXISTS `lucros`;
/*!40101 SET @saved_cs_client     = @@character_set_client */;
/*!40101 SET character_set_client = utf8 */;
CREATE TABLE `lucros` (
  `CodLcs` int(11) NOT NULL AUTO_INCREMENT,
  `Lcs_id_Cli` int(11) DEFAULT NULL,
  `Lcs_Vlr` decimal(6,2) DEFAULT NULL,
  `Lcs_dt` varchar(16) DEFAULT NULL,
  `Lcs_Tipo` varchar(16) DEFAULT NULL,
  `Lcs_Titulo` varchar(100) DEFAULT NULL,
  PRIMARY KEY (`CodLcs`),
  KEY `Lcs_id_Cli` (`Lcs_id_Cli`),
  CONSTRAINT `lucros_ibfk_1` FOREIGN KEY (`Lcs_id_Cli`) REFERENCES `cliente` (`CodCli`) ON DELETE CASCADE ON UPDATE CASCADE
) ENGINE=InnoDB AUTO_INCREMENT=72 DEFAULT CHARSET=utf8;
/*!40101 SET character_set_client = @saved_cs_client */;

--
-- Dumping data for table `lucros`
--

LOCK TABLES `lucros` WRITE;
/*!40000 ALTER TABLE `lucros` DISABLE KEYS */;
INSERT INTO `lucros` VALUES (1,8,200.00,'11/2017','Cheque','Pagamento'),(2,8,320.00,'11/2017','Á vista','Pagamento'),(3,58,100.00,'11/2017','Á vista','02 modelos de acrilico'),(4,58,180.00,'11/2017','Á vista','Tacyene Lepo '),(5,58,117.00,'11/2017','Á vista','Tacyene  Fabidente '),(6,58,95.00,'11/2017','Deposito','Esthefanie Part. '),(7,58,2000.00,'11/2017','Cheque','pedro caucaia '),(8,58,134.50,'11/2017','Cheque','jose magnus '),(9,58,64.00,'11/2017','Á vista','Patricia dr fernando '),(10,58,84.00,'11/2017','Á vista','fabianne esbravatt '),(11,58,303.00,'11/2017','Cheque','ronaldo '),(12,58,70.00,'11/2017','Deposito','rosiani '),(13,58,228.00,'11/2017','Á vista','tatiane '),(14,58,450.00,'11/2017','Á vista','patricia cotia '),(15,58,106.00,'11/2017','Deposito','fabiana tristao '),(16,58,42.00,'11/2017','Á vista','patricia  dr fernando '),(17,58,228.00,'11/2017','Á vista','fabiane dr alex '),(18,58,350.00,'11/2017','Á vista','adelaide '),(19,58,260.00,'11/2017','Á vista','adelaide '),(20,58,1000.00,'11/2017','Deposito','dra livia '),(21,58,400.00,'11/2017','Cheque','eliane '),(22,58,30.00,'11/2017','Cheque','jose pereira n220 '),(23,58,150.00,'11/2017','Á vista','edna teixeira '),(24,58,1000.00,'11/2017','Deposito','dra livia '),(25,58,1000.00,'11/2017','Deposito','dra katherine '),(26,58,200.00,'11/2017','Á vista','aderval '),(27,58,500.00,'11/2017','Cheque','dra eliane '),(28,58,200.00,'12/2017','Á vista','adeval n 256  '),(29,58,100.00,'12/2017','Á vista','lippen '),(36,22,1100.00,'12/2017','Deposito','Pagaento'),(37,20,65.00,'12/2017','Á vista','Pagaento'),(41,58,200.00,'12/2017','Á vista','nina n 257'),(42,55,92.00,'12/2017','Á vista','Pagaento'),(44,53,186.00,'12/2017','Á vista','Pagaento'),(45,8,800.00,'12/2017','Deposito','Pagaento'),(46,11,1400.00,'12/2017','Á vista','Pagaento'),(47,45,546.00,'12/2017','Deposito','Pagaento'),(48,31,448.00,'12/2017','Á vista','Pagaento'),(49,58,250.00,'12/2017','Cheque','dr luiz restante'),(51,7,700.00,'12/2017','Á vista','Pagaento'),(52,58,250.00,'12/2017','Á vista','SABONETE '),(54,58,343.00,'12/2017','Cheque','pedro caucaia '),(55,58,786.00,'12/2017','Á vista','pedro caucaia '),(56,58,102.00,'12/2017','Á vista','rosiani '),(57,58,60.00,'12/2017','Á vista','fabiana tristao '),(58,58,189.00,'12/2017','Cheque','patricia dr fernando'),(60,58,602.00,'12/2017','Cheque','ronaldo'),(61,58,372.00,'12/2017','Cheque','tereza '),(62,58,1000.00,'12/2017','Deposito','livia '),(64,58,52.00,'12/2017','Deposito','MONIKA '),(67,58,151.50,'12/2017','Á vista','liliane '),(68,58,140.00,'12/2017','Á vista','leo paulinho'),(69,1,10.00,'21/11/2017','Á vista','teste'),(70,1,10.00,'21/11/2017','Á vista','teste'),(71,35,74.00,'02/2018','Á vista','Pagaento');
/*!40000 ALTER TABLE `lucros` ENABLE KEYS */;
UNLOCK TABLES;

--
-- Table structure for table `produto`
--

DROP TABLE IF EXISTS `produto`;
/*!40101 SET @saved_cs_client     = @@character_set_client */;
/*!40101 SET character_set_client = utf8 */;
CREATE TABLE `produto` (
  `CodPdt` int(11) NOT NULL AUTO_INCREMENT,
  `Pdt_Produto` varchar(200) NOT NULL,
  `Pdt_Preco` decimal(6,2) DEFAULT NULL,
  `Pdt_dt_vld` varchar(16) DEFAULT NULL,
  `Pdt_Fornecedor` varchar(200) NOT NULL,
  PRIMARY KEY (`CodPdt`)
) ENGINE=InnoDB DEFAULT CHARSET=utf8;
/*!40101 SET character_set_client = @saved_cs_client */;

--
-- Dumping data for table `produto`
--

LOCK TABLES `produto` WRITE;
/*!40000 ALTER TABLE `produto` DISABLE KEYS */;
/*!40000 ALTER TABLE `produto` ENABLE KEYS */;
UNLOCK TABLES;

--
-- Table structure for table `relacao`
--

DROP TABLE IF EXISTS `relacao`;
/*!40101 SET @saved_cs_client     = @@character_set_client */;
/*!40101 SET character_set_client = utf8 */;
CREATE TABLE `relacao` (
  `CodRela` int(11) NOT NULL AUTO_INCREMENT,
  `Rela_dt` varchar(16) DEFAULT NULL,
  `Rela_id_Cli` int(11) DEFAULT NULL,
  `Rela_Paciente` varchar(50) DEFAULT NULL,
  `Rela_Serv` varchar(255) DEFAULT NULL,
  `Rela_Obs` varchar(255) DEFAULT NULL,
  `Rela_Tipo_Serv` tinyint(1) DEFAULT NULL,
  `Rela_Cor` varchar(40) NOT NULL,
  `Rela_Entrega` varchar(16) DEFAULT NULL,
  `Rela_Tipo_Entrega` tinyint(1) DEFAULT NULL,
  `Rela_Total` decimal(6,2) DEFAULT NULL,
  PRIMARY KEY (`CodRela`),
  KEY `Rela_id_Cli` (`Rela_id_Cli`),
  CONSTRAINT `relacao_ibfk_1` FOREIGN KEY (`Rela_id_Cli`) REFERENCES `cliente` (`CodCli`) ON DELETE CASCADE ON UPDATE CASCADE
) ENGINE=InnoDB AUTO_INCREMENT=675 DEFAULT CHARSET=utf8;
/*!40101 SET character_set_client = @saved_cs_client */;

--
-- Dumping data for table `relacao`
--

LOCK TABLES `relacao` WRITE;
/*!40000 ALTER TABLE `relacao` DISABLE KEYS */;
INSERT INTO `relacao` VALUES (6,'01/08/2017',21,'Margareth','1 Montagem de Flex -- 2 BIOLUX','',1,'66','03/08/2017',0,99.00),(8,'02/08/2017',28,'Laiane ','1 Placa de Hawley','',1,'Rosa Claro','09/08/2017',0,42.00),(9,'02/08/2017',29,'Marta ','1 Placa de bruxismo em silicone / acetato ','',1,'','09/08/2017',0,60.00),(12,'01/08/2017',27,'Monica ','1 Placa de Hawley','',1,'Rosa ','07/08/2017',0,42.00),(13,'01/08/2017',30,'Debora ','1 Placa de Hawley','',1,'Azul Claro','08/08/2017',0,42.00),(14,'03/08/2017',31,'Sem nome ','1 Placa de clareamento em silicone ou acetato','',0,'','10/08/2017',0,40.00),(15,'24/07/2017',7,'Janaina / Amanda ','1 Placa de Hawley -- 1 Placa de Hawley','',0,'Rosa ','04/08/2017',0,84.00),(16,'24/07/2017',7,'Sueli','1 Placa Bruxismo resina ','',2,'','04/08/2017',0,70.00),(17,'28/07/2017',22,'Sem nome ','1 Placa de Hawley','',1,'','04/08/2017',0,42.00),(18,'04/08/2017',22,'Sem nome ','2 Cont. Estética  -- 2 Arco R. Ramos','2 Pacientes sem nome',1,'incolor ','11/08/2017',0,254.00),(19,'01/08/2017',8,'Gilvan ','1 Placa de bruxismo em silicone / acetato ','Paciente Gilvan',2,'','08/08/2017',1,60.00),(21,'04/08/2017',32,'LETICIA','1 Disjuntor de Hirax Modificado -- 1 DISJUNTOR 13 MM ','DRA RAFAELA ',1,'','11/08/2017',0,97.00),(23,'04/08/2017',32,'OLAVO','1 Placa de Hawley','DRA MARIANA ',1,'INCOLOR ','11/08/2017',0,42.00),(24,'03/08/2017',23,'ELIAS','1 Coroa','DENTE 24',1,'A2','10/08/2017',0,80.00),(25,'04/08/2017',23,'Marcelo','1 elemento suspenso  -- 2 Inlay ','DENTE 15,16,17 ',1,'A3 ','11/08/2017',0,240.00),(26,'04/08/2017',28,'CRISTIANE','1 Montagem -- 2 NEW ACE -- 1 CONSERTOS C/ FIO ORTO ','',0,'A1','11/08/2017',0,114.00),(27,'04/08/2017',25,'SEM NOME','1 Montagem','',1,'60','11/08/2017',0,50.00),(28,'04/08/2017',23,'SILVANO ','1 Coroa','O PREPARO ESTA MUITO CURTO,\nSEM GARANTIA DE FIXAÇÃO. \nPaciente com bruxismo severo.',0,'A3','11/08/2017',0,80.00),(30,'02/08/2017',28,'ALBIMAR ','1 Montagem -- 1 BIOTONE ','',2,'66','09/08/2017',0,64.50),(31,'02/08/2017',8,'ELVIRA','2 Montagem -- 4 BIOLUX','',0,'65','09/08/2017',0,158.00),(32,'07/08/2017',31,'SEM NOME ','1 Placa de clareamento em silicone ou acetato','USAR PLACA DELE',0,'','14/08/2017',0,40.00),(33,'07/08/2017',25,'NELIDIA','2 Montagem','PLACA DENTE DELE',0,'66','14/08/2017',0,100.00),(34,'07/08/2017',35,'LUCIANE','1 Placa de Hawley','',1,'INC ','14/08/2017',0,42.00),(35,'08/08/2017',11,'IEDA','1 Provisória imediata (tipo aparelho) -- 1 POP ','',1,'66','15/08/2017',0,85.00),(36,'08/08/2017',7,'',NULL,'',0,'','15/08/2017',0,0.00),(39,'08/08/2017',17,'CMS','1 Placa de Contenção (Acetato) -- 1 Contenção 3x3 Higiênica -- 1 Vazamento em gesso pedra','',0,'','15/08/2017',0,85.00),(40,'08/08/2017',17,'REGINA ','1 Contenção 3x3 Higiênica','REGINA',2,'','15/08/2017',0,20.00),(41,'08/08/2017',21,'MARGARETH','1 Remontagem - Cortesia ','margareth ',1,'','15/08/2017',0,0.00),(42,'08/08/2017',25,'SEM NOME ','1 Placa de Hawley','',1,'rosa claro','15/08/2017',0,42.00),(43,'08/08/2017',23,'IVAN ','1 Coroa','',0,'A2','15/08/2017',0,80.00),(44,'09/08/2017',14,'GABRIELA ','1 Expansor -- 1 EXPANSOR 11mm  -- 1 Vazamento em gesso pedra','gabriela',1,'ROSA CLARO','16/08/2017',0,69.00),(45,'09/08/2017',36,'BARBARA','1 Contenção Contínua (Begg)','BARBARA ',1,'INC ','16/08/2017',0,53.00),(46,'09/08/2017',25,'Alcione ','1 Placa de clareamento em silicone ou acetato','',0,'','11/08/2017',0,50.00),(47,'01/08/2017',25,'SEM NOME ','1 Montagem','',2,'66 ','08/08/2017',0,50.00),(48,'01/08/2017',25,'NELIDIA ','2 Montagem','PT SUP + PPR INF ',0,'66','08/08/2017',0,100.00),(49,'1/08/2017',22,'SEM NOME ','1 Placa de Hawley','',1,'LILAS ','17/08/2017',0,42.00),(50,'10/08/2017',22,'SEM NOME ','1 Contenção 3x3 Higiênica','',2,'','17/08/2017',0,20.00),(51,'10/08/2017',22,'SEM NOME ','1 Platô Fixo Metálico -- 1 Platô metálico','',1,'','17/08/2017',0,95.00),(52,'10/08/2017',28,'ISABEL ','1 Placa de Hawley','ISABEL ',1,'ROSA CLARO','17/08/2017',0,42.00),(53,'11/08/2017',8,'CLAUDETE ','1 Montagem -- 2 BIOTONE  -- 1 PLACA BASE DFL','',1,'65','18/08/2017',0,81.00),(55,'09/08/2017',38,'SOPHIA ','1 Planas Simples I -- 2 EXPANSOR 11mm ','SOPHIA L. MOREIRA ',0,'AZUL CLARO','17/08/2017',0,162.00),(56,'09/08/2017',37,'EDVALDO','1 Disjuntor de Hirax Modificado -- 1 DISJUNTOR 11MM ','EDVALDO ',1,'','17/08/2017',0,97.00),(57,'10/08/2017',21,'MARIA ANGELICA','1 Acrilização incolor','MARIA ANGELICA ',1,'INCOLOR ','17/08/2017',0,65.00),(58,'10/08/2017',28,'CRISTIANE ','1 Acrilização rosa','CRISTIANE ',2,'','17/08/2017',0,60.00),(59,'10/08/2017',21,'margareth','1 Remontagem - Cortesia ','MARGARETH ',1,'','17/08/2017',0,0.00),(60,'08/08/2017',17,'JOAO PEDRO ','2 Expansor -- 2 Expansor Dentaurum -- 2 Vazamento em gesso pedra','JOAO PEDRO ',0,'','15/08/2017',0,146.00),(61,'04/08/2017',23,'SUZI','4 FUNDIÇÃO UCLA P/ R.F.  -- 4 Aplicação R.F. para implante ','SUZI',1,'','14/08/2017',0,800.00),(62,'07/08/2017',39,'fabiana','1 Provisória imediata (tipo aparelho) -- 2 BIOTONE ','FABIANA ',1,'67 ','14/08/2017',0,109.00),(63,'04/08/2017',23,'MILTON ','1 PPR LABOR. TATUI ','MILTON- Ja paguei. ',1,'','14/08/2017',0,50.00),(64,'10/08/2017',23,'luiz','1 Devolução p/ confirmação','LUIZ ',1,'A3 ','14/08/2017',0,0.00),(65,'11/08/2017',41,'sem nome ','1 Placa de Hawley','Sem nome ',1,'incolor ','18/08/2017',0,42.00),(66,'12/08/2017',42,'JOICE ','1 Contenção Contínua (Begg)','JOICE- Dra luciane ',1,'','18/08/2017',0,37.10),(67,'14/08/2017',27,'Alexander ','1 Placa de Hawley','Alexander ',1,'azul ','18/08/2017',0,42.00),(68,'14/08/2017',27,'Jenifer ','1 Placa de Hawley','Jenifer ',1,'ROSA ','18/08/2017',0,42.00),(69,'14/08/2017',30,'Vinicius ','1 Disjuntor de Hirax -- 1 DISJUNTOR 11MM ','Vinicius',1,'','21/08/2017',0,92.00),(70,'14/08/2017',42,'PAMELA','1 Contenção Contínua (Begg)','PAMELA dr paulo geraldis',1,'INC ','21/08/2017',0,37.10),(71,'14/08/2017',43,'ROBERTA ','1 Coroa','ROBERTA ',1,'62','16/08/2017',0,100.00),(72,'14/08/2017',23,'BENEDITO CEZAR ','1 Onlay ','Benedito Cezar ',1,'A3 ','21/08/2017',0,80.00),(73,'15/08/2017',11,'ARMANDO ','1 Montagem -- 2 POP ','ARMANDO ',1,'incolor ','22/08/2017',0,60.00),(74,'15/08/2017',39,'carlos ','1 Provisória imediata (tipo aparelho) -- 2 BIOTONE ','CARLOS ',1,'66 ','22/08/2017',0,109.00),(75,'12/08/2017',25,'sem nome ','1 Acrilização rosa','sem nome ',2,'rosa','19/08/2017',0,60.00),(76,'15/08/2017',7,'SEM NOME ','1 Placa de bruxismo em silicone / acetato ','SEM NOME ',1,'','22/08/2017',0,60.00),(77,'17/08/2017',11,'MATHEUS ','1 Placa de Hawley','MATHEUS ',1,'INCOLOR ','24/08/2017',0,42.00),(78,'16/08/2017',43,'ALANI ','1 Coroa','ALANI ',1,'62 ','23/08/2017',0,100.00),(79,'15/08/2017',22,'sem nome ','2 Base de prova resina foto -- 2 Duplicação de modelos em gesso especial','SEM NOME ',0,'','18/08/2017',0,100.00),(80,'17/08/2017',32,'HANIEL ','1 Barra Transpalatina (B.T.P)','HANIEL ',1,'','23/08/2017',0,50.00),(81,'17/08/2017',23,'MEIRE','1 Base de prova resina foto -- 1 Duplicação de modelos em gesso especial','Meire. Moldagem irregular, ja avisado. ',2,'','24/08/2017',0,50.00),(82,'17/08/2017',13,'SEM NOME ','1 Placa de Hawley -- 1 Contenção 3x3 Higiênica','SEM NOME',0,'ROSA CLARO','11/09/2017',0,62.00),(83,'17/08/2017',22,'SEM NOME ','1 Expansor -- 1 Expansor 7,5mm ','SEM NOME ',1,'ROSA ','24/08/2017',0,64.00),(84,'17/08/2017',8,'LUIZ ALBERTO ','2 Montagem -- 3 BIOTONE ','LUIZ ALBERTO ',0,'66','24/08/2017',0,143.50),(85,'17/08/2017',8,'Manoelita','2 Montagem -- 3 BIOTONE ','Manoelita',0,'65','24/08/2017',0,143.50),(86,'17/08/2017',21,'MARGARETH','1 Acril. Flex l -- 1 Duplicação de modelos em gesso especial','MARGARETH ',1,'','24/08/2017',0,195.00),(87,'08/08/2017',23,'ROSIMARI ','1 Fundição Ucla -- 1 Aplicação R.F. para implante ','ROSIMARI ',1,'A2 ','21/08/2017',0,240.00),(88,'21/08/2017',14,'JOAO LULO','1 Repetição','JOAO LULO ',1,'INCOLOR','28/08/2017',0,0.00),(89,'21/08/2017',11,'ARMANDO','1 Acrilização incolor','ARMANDO ',1,'INCOLOR ','25/08/2017',0,65.00),(90,'21/08/2017',35,'SOFIA','1 Placa de Hawley -- 1 Grade','SOFIA ',1,'INCOLOR ','25/08/2017',0,52.00),(91,'18/08/2017',23,'LUIZ ','1 Montagem -- 2 BIOLUX','LUIZ ',1,'A3','22/08/2017',0,79.00),(92,'19/08/2017',25,'NELIIDIA','2 Montagem','NELIDIA',0,'','22/08/2017',0,100.00),(94,'21/08/2017',45,'Julia ','1 Expansor -- 1 EXPANSOR 11mm  -- 1 Adesivos e nomes','JULIA ',1,'PINK ','28/08/2017',0,74.00),(95,'21/08/2017',7,'sem nome ','1 Placa de Hawley','sem nome ',1,'rosa ','28/08/2017',0,42.00),(97,'04/08/2017',45,'LEONARDO ','1 Placa de Hawley -- 2 BATENTE/PLATÔ RESINA','',2,'INCOLOR ','11/08/2017',0,62.00),(98,'31/07/2017',45,'LAIS ','1 Placa de Hawley','',1,'ROSA CLARO','07/08/2017',0,42.00),(99,'04/08/2017',45,'ELSON ','1 Acrilização incolor -- 1 REFORCO C/ FIO DE ORTO','',1,'incolor ','11/08/2017',0,75.00),(100,'17/08/2017',23,'SUZI','1 Coroa','Suzi- sem art. e avisado. ',0,'A2 ','24/08/2017',0,80.00),(101,'17/08/2017',23,'Orneli ','1 Coroa','Orneli ',1,'A3 ','24/08/2017',0,80.00),(102,'21/08/2017',23,'Carla Rodrigues ','3 Inlay  -- 1 Acréscimo Fibrex','Carla R. ',0,'B2 ','28/08/2017',0,260.00),(103,'22/08/2017',45,'LEONARDO ','1 Reembasamento','LEONARDO ',0,'','24/08/2017',0,60.00),(104,'17/08/2017',39,'mario ','1 Provisória imediata (tipo aparelho) -- 1 BIOLUX','MARIO ',1,'66 ','24/08/2017',0,94.50),(105,'18/08/2017',31,'sem nome ','1 Placa de clareamento em silicone ou acetato','sem  nome',1,'','25/08/2017',0,40.00),(106,'22/08/2017',14,'RAQUEL PEIXOTO ','1 Placa de Contenção (Acetato) -- 1 Contenção 3x3 Higiênica -- 1 Vazamento em gesso pedra','RAQUEL P. ',0,'','30/08/2017',0,85.00),(107,'24/08/2017',28,'HELENA ','1 Conserto proteses -- 1 POP ','HELENA ',2,'66','31/08/2017',0,40.00),(108,'23/08/2017',30,'EMILY','1 Placa de Hawley','EMILY',1,'ROXO ','30/08/2017',0,42.00),(109,'23/08/2017',30,'JAQUELINE ','1 Placa de Hawley','JAQUELINE',1,'INCOLOR','30/08/2017',0,42.00),(110,'23/08/2017',30,'ELZA','1 Montagem -- 2 BIOTONE ','ELZA',1,'66','30/08/2017',0,79.00),(111,'24/08/2017',8,'CARLOS','1 Conserto proteses','CARLOS ',1,'','31/08/2017',0,35.00),(112,'24/08/2017',22,'sem  nome ','1 Base de prova resina foto','SEM NOME URG',1,'','25/08/2017',0,35.00),(113,'25/08/2017',21,'JOAO RAIMUNDO','1 Base de prova resina foto -- 1 Duplicação de modelos em gesso especial','Joao Raimundo ',1,'','31/08/2017',0,50.00),(114,'23/08/2017',25,'Valdice ','1 Acrilização incolor','Valdice ',1,'incolor ','25/08/2017',0,65.00),(115,'23/08/2017',25,'sem nome ','2 Acrilização incolor','sem nome ',0,'incolor ','25/08/2017',0,130.00),(116,'25/08/2017',23,'MILTON LEMES','1 Montagem -- 2 BIOLUX','MILTON LEMES ',1,'66 ','28/08/2017',0,79.00),(117,'25/08/2017',23,'MEIRE','1 Montagem de Flex -- 1 BIOLUX','MEIRE ',2,'62 ','28/08/2017',0,84.50),(118,'24/08/2017',23,'LUZINETE ','1 Coroa','LUZINETE ',0,'C2 ','28/08/2017',0,80.00),(119,'24/08/2017',23,'ariosvaldo ','1 Coroa','Ariosvaldo dente 12 ',1,'a3 ','28/08/2017',0,80.00),(120,'24/08/2017',28,'SR. ARI ','2 Base de prova resina foto','SR. ARI ',0,'','28/08/2017',0,70.00),(121,'21/08/2017',45,'Geisa ','1 Placa de Hawley -- 1 Contenção 3x3 Reta','Geisa ',0,'rosa claro','29/08/2017',0,52.00),(122,'08/08/2017',23,'Conceição ','1 PPR LABOR. TATUI ','Conceição ',0,'','18/08/2017',0,50.00),(123,'08/08/2017',23,'MARCIO ','1 PPR LABOR. TATUI ','MARCIO ',0,'','18/08/2017',0,50.00),(126,'29/08/2017',27,'HENRIQUE','1 Placa de Hawley','HENRIQUE ',1,'AZUL ','05/09/2017',0,42.00),(127,'29/08/2017',27,'ariane ','1 Placa de Hawley','ARIANE ',1,'ROSA ','05/09/2017',0,42.00),(130,'29/08/2017',23,'luiz','1 Acrilização rosa','LUIZ ',1,'TODA ROSA ','05/09/2017',0,60.00),(132,'28/08/2017',23,'MARCELO','1 Coroa','MARCELO ',0,'A3  ','05/09/2017',0,80.00),(134,'28/08/2017',22,'sem nome ','1 Montagem -- 1 Provisória imediata (tipo aparelho) -- 3 BIOTONE ','sem nome ',0,'66','05/09/2017',0,173.50),(135,'30/08/2017',21,'JOAO RAIMUNDO ','1 Montagem de Flex -- 2 BIOLUX','JOAO RAIMUNDO ',1,'66 ','06/09/2017',0,99.00),(137,'31/08/2017',28,'ARISTIDES','2 Montagem -- 4 NEW ACE','ARISTIDES ',0,'62 ','07/09/2017',0,158.00),(141,'09/08/2017',22,'sem nome','2 Montagem de Flex -- 2 BIOTONE  -- 1 Dente avulso ','sem nome ',0,'66','16/08/2017',0,171.50),(144,'01/09/2017',8,'ELVIRA ','1 Remontagem - Cortesia ','elvira superior ',1,'','08/09/2017',0,0.00),(145,'01/09/2017',17,'SIMONE ','1 Placa de Contenção (Acetato) -- 1 Vazamento em gesso pedra','SIMONE ',1,'','04/09/2017',0,65.00),(146,'04/09/2017',27,'KELLE REGINA ','1 Placa de Hawley','KELLE REGINA ',2,'rosa ','11/09/2017',0,42.00),(147,'02/09/2017',17,'PAULO ','1 Provisória imediata (tipo aparelho) -- 2 POP  -- 2 Vazamento em gesso pedra','PAULO ',0,'','04/09/2017',0,100.00),(149,'31/08/2017',23,'milton','1 Acrilização rosa','milton	',1,'','05/09/2017',0,60.00),(150,'04/09/2017',23,'MEIRE ','1 Acril. Flex l','MEIRE ',2,'','11/09/2017',0,180.00),(151,'04/09/2017',23,'JANE ','2 Ponte Fixa  -- 4 Apoio -- 2 Acréscimo Fibrex','JANE ',1,'A2','11/09/2017',0,360.00),(154,'04/09/2017',46,'GIOVANA','1 Disjuntor de Hirax Modificado -- 1 Disjuntor  -- 2 Ganchos','GIOVANNA ',1,'','06/09/2017',0,117.00),(155,'30/08/2017',23,'ELZA ','1 Coroa','ELZA ',0,'A3,5 ','06/09/2017',0,80.00),(156,'06/09/2017',32,'Diodoto ','2 Mantenedor de Esp. Funcional(+ elementos-resina)','Diodoto ',0,'','13/09/2017',0,110.00),(157,'05/09/2017',32,'GUILHERME ','1 Disjuntor de Hirax -- 1 Disjuntor ','GUILHERME ',1,'','12/09/2017',0,92.00),(158,'05/09/2017',45,'Rafael ','1 Expansor -- 1 EXPANSOR 11mm ','Rafael ',1,'ROXO ','12/09/2017',0,64.00),(159,'05/09/2017',34,'Pedro ','1 Expansor -- 1 EXPANSOR 11mm ','PEDRO R ',1,'verde','12/09/2017',0,64.00),(160,'05/09/2017',22,'sem nome ','1 Expansor -- 1 EXPANSOR 11mm ','sem nome ',1,'rosa','12/09/2017',0,64.00),(163,'06/09/2017',23,'MARCIO ','1 Montagem -- 2 BIOLUX','MARCIO ',1,'77','13/09/2017',0,79.00),(165,'06/09/2017',7,'giula ','1 Mantenedor c/ Exp. Estetico -- 1 Exp em leque  -- 2 Dente avulso ','giula ',1,'rosa ','13/09/2017',0,84.50),(166,'06/09/2017',42,'CECILIA ','1 Contenção Contínua (Begg)','cecilia',1,'inc ','13/09/2017',0,37.10),(167,'06/09/2017',42,'MATHEUS ','1 Expansor -- 1 EXPANSOR 11mm  -- 2 Molas','MATHEUS ',1,'azul claro','13/09/2017',0,58.80),(169,'06/09/2017',7,'gustavo','1 Mantenedor c/ Exp. Estetico -- 1 EXPANSOR 11mm  -- 1 Dente avulso  -- 1 BATENTE/PLATÔ RESINA','gustavo ',1,'','13/09/2017',0,83.50),(170,'05/09/2017',23,'conceiçao ','1 Montagem -- 2 POP ','conceiçao ',2,'a3','12/09/2017',0,60.00),(171,'11/09/2017',11,'maria ','1 Montagem -- 2 POP ','maria ',1,'66','18/09/2017',0,60.00),(172,'12/09/2017',21,'joao raimundo','1 Acril. Flex l','joao raimundo ',1,'66','19/09/2017',0,180.00),(173,'04/09/2017',23,'lourival ','1 PPR LABOR. TATUI 2','lourival ',1,'','12/09/2017',0,60.00),(174,'12/09/2017',42,'JENIFER ','1 Contenção Contínua (Begg)','JENIFER  ',1,'incolor ','19/09/2017',0,37.10),(175,'12/09/2017',45,'valentina ','1 Expansor -- 1 Expansor 13mm ','valentina ',1,'verde es. ','19/09/2017',0,64.00),(176,'12/09/2017',30,'lucas henrique ','1 Expansor -- 1 Expansor 13mm ','lucas henrique ',1,'verde m','19/09/2017',0,64.00),(177,'12/09/2017',46,'ANA CLARA ','1 Disjuntor de Hirax Modificado -- 1 DISJUNTOR 13 MM  -- 2 Bandas -- 2 Ganchos','ANA CLARA ',1,'','19/09/2017',0,121.00),(178,'12/09/2017',47,'LIVIA ','1 Expansor -- 1 EXPANSOR 11mm ','LIVIA ',1,'roxo ','19/09/2017',0,64.00),(179,'12/09/2017',22,'sem nome flex ','2 Acril. Flex l',' sem nome flex ',3,'','19/09/2017',0,360.00),(180,'12/09/2017',22,'ROSALINA ','1 Acrilização incolor','ROSALINA ',1,'','19/09/2017',0,65.00),(181,'12/09/2017',28,'SR ALI ','2 Acrilização incolor','SR ALI ',3,'','19/09/2017',0,130.00),(182,'12/09/2017',23,'SUZANA  ','1 Base de prova resina foto -- 1 Duplicação de modelos em gesso especial','SUZANA 	',1,'','19/09/2017',0,50.00),(183,'12/09/2017',23,'ELIANA ','1 Placa de bruxismo em silicone / acetato ','ELIANA ',1,'','19/09/2017',0,60.00),(184,'12/09/2017',23,'ELZA ','1 Onlay ','ELZA ',1,'A3,5 ','19/09/2017',0,80.00),(185,'12/09/2017',23,'MARCELO','1 Ponte Fixa  -- 2 Apoio -- 1 Acréscimo Fibrex','MARCELO ',1,'a3 ','19/09/2017',0,225.00),(186,'12/09/2017',27,'ALZIRA','1 Provisória imediata (tipo aparelho) -- 1 POP ','ALZIRA ',1,'','19/09/2017',0,85.00),(187,'12/09/2017',23,'ROSEMARI ','2 Coroa','ROSEMARI DENTE 11 E 21 ',1,'A2 ','19/09/2017',0,160.00),(188,'12/09/2017',32,'marcelo','1 Barra Transpalatina (B.T.P)','marcelo ',1,'','19/09/2017',0,50.00),(189,'12/09/2017',32,'FERNANDO ','1 Barra Transpalatina (B.T.P)','FERNANDO ',1,'','19/09/2017',0,50.00),(190,'12/09/2017',22,'SEM NOME  ','1 Cont. Estética  -- 1 Arco R. Ramos',' SEM NOME ',1,'','19/09/2017',0,127.00),(191,'12/09/2017',22,'SEM NOME ','1 Contenção 3x3 Higiênica','SEM  NOME ',2,'','19/09/2017',0,20.00),(192,'12/09/2017',27,'BENEDITO','1 Base de prova resina foto','BENEDITO \'',1,'','19/09/2017',0,35.00),(195,'13/09/2017',47,'ANA BEATRIZ ','1 Planas Simples III -- 1 Expansor','ANA BEATRIZ ',1,'azul claro','19/09/2017',0,193.00),(196,'13/09/2017',22,'SEM NOME ','1 Base de prova resina foto',' SEM NOME ',1,'','19/09/2017',0,35.00),(197,'14/09/2017',11,'maria','1 Montagem -- 2 POP ','maria ',2,'66','21/09/2017',0,60.00),(198,'11/09/2017',22,'sem nome ','1 Coroa -- 1 Vazamento em gesso pedra','',1,'62','18/09/2017',0,105.00),(199,'15/09/2017',13,'sem nome ','1 Mantenedor de Espaço Estético Funcional -- 1 Contenção 3x3 Higiênica -- 1 POP ','',3,'66','22/09/2017',0,80.00),(200,'15/09/2017',13,'sem nome ','1 Placa de Hawley -- 1 Contenção 3x3 Higiênica','',3,'incolor ','22/09/2017',0,62.00),(201,'15/09/2017',22,'sem nome ','1 Prov. coccionada s/ grampo -- 2 POP ','',1,'66','22/09/2017',0,110.00),(202,'18/09/2017',11,'maria ','1 Acrilização incolor','',1,'66','25/09/2017',0,65.00),(203,'18/09/2017',25,'sem nome ','1 Acrilização incolor','',1,'','25/09/2017',0,65.00),(204,'18/09/2017',25,'sem nome ','1 Acrilização rosa','',1,'','25/09/2017',0,60.00),(205,'18/09/2017',23,'Mariza Villar ','1 Coroa','',1,'A3 ','25/09/2017',0,80.00),(207,'18/09/2017',17,'Bruno Campos ','1 Expansor -- 1 EXPANSOR 11mm  -- 1 Vazamento em gesso pedra','',1,'vermelho ','25/09/2017',0,69.00),(208,'18/09/2017',17,'BIA ','1 Consertos','Desgastar e reembasar ',2,'','25/09/2017',0,0.00),(210,'18/09/2017',17,'SEM NOME ','2 Provisória imediata (tipo aparelho) -- 4 POP  -- 2 Vazamento em gesso pedra','ja veio com ppr sup e inf ',3,'66','25/09/2017',0,190.00),(211,'18/09/2017',32,'Anna Karolyna ','1 Hirax Modificado  -- 1 Disjuntor ','',1,'','25/09/2017',0,97.00),(212,'18/09/2017',49,'Bianca ','1 Expansor -- 1 EXPANSOR 11mm  -- 1 BATENTE/PLATÔ RESINA','',1,'','21/09/2017',0,74.00),(213,'18/09/2017',23,'carla ','2 elemento suspenso  --1 Apoio -- 1 Inlay  -- 2 Fibrex Fita ','',1,'B2','25/09/2017',0,320.00),(214,'18/09/2017',46,'Giovana ','1 Hirax  -- 1 Disjuntor  -- 2 Ganchos','',1,'','25/09/2017',0,112.00),(216,'18/09/2017',11,'eni ','1 Prótese Imediata (Mont.+Acril.) (sem prova) --1 POP  -- 1 Dente avulso  -- 1 Reforçõ c/ fio de orto ll ','',2,'','25/09/2017',0,112.50),(217,'19/09/2017',27,'ROQUE  ','1 Placa Bruxismo resina ','',2,'incolor ','26/09/2017',0,70.00),(218,'19/09/2017',27,'Benedita ','1 Montagem -- 2 BIOTONE ','',1,'62 ','26/09/2017',0,79.00),(219,'20/09/2017',32,'DENIS ','1 Placa de Hawley','',1,'INCOLOR ','27/09/2017',0,42.00),(220,'15/09/2017',23,'miriam ','1 Coroa -- 1 Fibrex Fita ','',0,'a3 ','22/09/2017',0,100.00),(221,'15/09/2017',23,'maria das gracas ','1 Onlay ','',1,'a3 ','22/09/2017',0,80.00),(222,'15/09/2017',23,'RAQUEL VILLAR  ','1 Coroa','',0,'b2 ','22/09/2017',0,80.00),(223,'21/09/2017',11,'maria ','1 Remontagem - Cortesia ','',2,'66','28/09/2017',0,0.00),(224,'19/09/2017',29,'Anderson ','1 Placa de bruxismo em silicone / acetato ','',2,'','26/09/2017',0,60.00),(225,'19/09/2017',23,'CONCEIÇAO ','1 Acrilização rosa','',2,'','26/09/2017',0,60.00),(226,'20/09/2017',30,'TIOKO ','2 Base de prova resina foto','',3,'','25/09/2017',0,70.00),(227,'20/09/2017',30,'Maria Regina ','1 Placa de Hawley','',1,'azul escuro ','25/09/2017',0,42.00),(228,'21/09/2017',32,'Vanderique ','1 Placa de Hawley','',1,'vermelho ','26/09/2017',0,42.00),(229,'20/09/2017',8,'Marcia ','1 Montagem -- 2 BIOLUX','',1,'65 ','28/09/2017',0,79.00),(230,'20/09/2017',23,'LOURIVAL ','1 Montagem -- 2 BIOLUX','s/ ant ',1,'65','28/09/2017',0,79.00),(231,'20/09/2017',35,'sem  nome ','1 Placa de Hawley -- 1 Contenção 3x3 Higiênica','',3,'inc ','28/09/2017',0,62.00),(232,'21/09/2017',20,'sem nome ','1 Acrilização rosa','',1,'','28/09/2017',0,60.00),(234,'25/09/2017',17,'Valdir ',NULL,'cortesia ',3,'a3 ','02/10/2017',0,0.00),(235,'25/09/2017',17,'ROSELI  ','1 Consertos','CONSERTO CORTESIA ',3,'','29/09/2017',0,0.00),(236,'22/09/2017',17,'VALDIR ','2 Provisória imediata (tipo aparelho) -- 3 POP  -- 2 Vazamento em gesso pedra','troca de dentes ',3,'','25/09/2017',0,185.00),(238,'22/09/2017',27,'Nativa','1 Base de prova resina foto','esta fazendo ppr inf',1,'','27/09/2017',0,35.00),(239,'26/09/2017',32,'Genzelane ','1 Placa de Hawley','',1,'INCOLOR ','03/10/2017',0,42.00),(240,'25/09/2017',22,'SEM NOME ','1 Contenção 3x3 Higiênica','',2,'','02/10/2017',0,20.00),(241,'25/09/2017',22,'SEM NOME ','1 Coroa','',2,'','02/10/2017',0,100.00),(242,'25/09/2017',22,'sem nome ','1 Prótese Imediata (Mont.+Acril.) (sem prova) -- 2 POP ','',1,'66 ','02/10/2017',0,110.00),(243,'25/09/2017',22,'sem nome  ','1 Montagem -- 2 BIOTONE ','PPR SUP ',1,'66','02/10/2017',0,79.00),(244,'27/09/2017',21,'VERA ','2 Moldeira individual resina foto','',3,'','04/10/2017',0,80.00),(246,'26/09/2017',23,'ELIANA ','1 Coroa','',1,'A2 ','03/10/2017',0,80.00),(247,'26/09/2017',27,'SANTA  ','1 Base de prova resina foto','',2,'','02/10/2017',0,35.00),(248,'27/09/2017',27,'BERTINO  ','2 Consertos -- 1 BIOTONE ','',3,'66 ','04/10/2017',0,114.50),(249,'21/09/2017',23,'marcio','1 Acrilização rosa','',1,'','28/09/2017',0,60.00),(251,'21/09/2017',11,'eduarda ','1 Placa de Hawley','',1,'rosa claro ','29/09/2017',0,42.00),(252,'25/09/2017',27,'Juliana ','1 Placa de Hawley','',1,'rosa claro ','29/09/2017',0,42.00),(253,'28/09/2017',23,'lourival','1 Acrilização rosa','',1,'','30/09/2017',0,60.00),(254,'29/09/2017',27,'angelo ','1 Placa Bruxismo resina ','',2,'','29/09/2017',0,70.00),(255,'14/09/2017',48,'CAIO EDUARDO  ','1 Expansor -- 1 EXPANSOR 11mm ','',1,'AZUL','19/09/2017',0,64.00),(256,'06/09/2017',50,'julia soares ','1 Expansor -- 1 Grade -- 1 Expansor 7,5mm ','f 197 ',1,'','11/09/2017',0,74.00),(257,'29/09/2017',11,'Taiane ','1 Placa de Hawley','entrega prevista  5/10',1,'','30/09/2017',0,42.00),(258,'29/09/2017',32,'ieda ','1 Placa de Hawley -- 1 Molas','mola no 36 ',2,'','06/10/2017',0,52.00),(260,'18/8/2017',11,'valdecir ','2 Acrilização incolor -- 2 POP  -- 2 BIOTONE ','',0,'','31/08/2017',0,169.00),(261,'29/8/2017',11,'valdecir ','2 Montagem -- 4 POP ','',0,'','31/08/2017',0,120.00),(262,'01/09/2017',8,'MANOELITA ','2 Acrilização incolor -- 1 Rugas palatinas ','',3,'','08/09/2017',0,140.00),(263,'01/09/2017',8,'claudete ','1 Acrilização incolor -- 1 Rugas palatinas ','',0,'','07/09/2017',0,75.00),(264,'10/08/2017',8,'luiz alberto ','1 Acrilização incolor -- 1 Acrilização rosa -- 1 Rugas palatinas ','',0,'','15/08/2017',0,135.00),(267,'1/09/2017',30,'ELZA ','1 Acrilização rosa','',1,'','08/09/2017',0,60.00),(268,'1/09/2017',30,'MARIA REGINA ','1 Placa de Hawley','',1,'azul escuro ','08/09/2017',0,42.00),(269,'1/09/2017',23,'milton','1 Acrilização rosa','',1,'','05/09/2017',0,60.00),(270,'1/09/2017',23,'elza','1 Coroa','',1,'a3.5 ','05/09/2017',0,80.00),(271,'1/09/2017',23,'marcelo','1 Coroa','',1,'a3','05/09/2017',0,80.00),(273,'2/10/2017',23,'ROSA','1 Provisória imediata (tipo aparelho) -- 1 BIOLUX','chegou dia 28/9 ',1,'a3','05/10/2017',0,94.50),(274,'22/09/2017',25,'','1 Consertos -- 1 BIOLUX','',1,'66 ','30/09/2017',0,64.50),(275,'22/09/2017',25,'sem nome ','1 Montagem','imediata ppr sup ',1,'','30/09/2017',0,50.00),(276,'22/09/2017',25,'sem nome ','1 Coroa','',1,'66','30/09/2017',0,80.00),(277,'22/09/2017',25,'telma ','1 Provisória imediata (tipo aparelho)','',0,'','30/09/2017',0,80.00),(278,'22/09/2017',25,'sem  nome ','1 Placa de clareamento em silicone ou acetato','',3,'','30/09/2017',0,50.00),(279,'22/09/2017',25,'tereza ','1 Montagem','',0,'66','30/09/2017',0,50.00),(280,'22/09/2017',25,'pedro ','1 Montagem','',1,'','30/09/2017',0,50.00),(281,'01/09/2017',17,'juan ','1 Expansor -- 1 EXPANSOR 11mm  -- 2 Recobrimento oclusal','',1,'','05/09/2017',0,84.00),(282,'02/10/2017',8,'marcia  ','1 Acrilização rosa','PPR ',1,'','10/10/2017',0,60.00),(284,'02/10/2017',22,'sem nome ','1 Placa de Hawley','',1,'lilas ','10/10/2017',0,42.00),(285,'02/10/2017',22,'sem nome ','1 Provisória imediata (tipo aparelho) -- 1 POP ','',1,'66 ','06/10/2017',0,85.00),(286,'02/10/2017',25,'sem nome ','1 Consertos','',1,'','06/10/2017',0,35.00),(288,'01/10/2017',24,'','5 Pirulito Grande  -- 5 Pirulito Medio  -- 5 Pirulito pequeno','',0,'Sortidas ','04/10/2017',0,675.00),(289,'03/10/2017',51,'SEM NOME  ','1 Hirax Modificado  -- 1 Disjuntor  -- 2 Ganchos','',1,'','10/10/2017',0,117.00),(290,'03/10/2017',32,'Carlos Eduardo ','1 Hirax Modificado  -- 1 Disjuntor ','Ate o canino ',1,'','10/10/2017',0,97.00),(291,'01/10/2017',23,'Sidneia ','1 Montagem -- 1 Provisória imediata (tipo aparelho) -- 2 BIOTONE ','',3,'A3','11/10/2017',0,159.00),(293,'05/10/2017',23,'RONALDO ','1 Base de prova resina foto -- 1 Duplicação de modelos em gesso especial','',1,'','12/10/2017',0,50.00),(294,'05/10/2017',8,'sem nome ','1 Reembasamento','',1,'','12/10/2017',0,60.00),(295,'05/10/2017',27,'Guilherme ','1 Placa de Hawley','p dia 9/10 ',1,'AZUL ','09/10/2017',0,42.00),(296,'05/10/2017',11,'luis ','1 PPR LABOR. TATUI lll','',2,'','12/10/2017',0,70.00),(297,'05/10/2017',30,'TIOCO ','2 Montagem -- 4 BIOTONE ','',3,'66','12/10/2017',0,158.00),(298,'05/10/2017',30,'LORENA ','1 Expansor -- 1 EXPANSOR 11mm  -- 2 Recobrimento oclusal','',1,'ROXO','12/10/2017',0,84.00),(301,'26/09/2017',7,'YASMIN ','1 Planas Composto -- 1 Arcos Modificados -- 2 EXPANSOR 11mm ','entregue dia 06/10',3,'incolor ','30/09/2017',0,187.15),(302,'02/10/2017',27,'benedita ','1 Acrilização incolor','',1,'','09/10/2017',0,65.00),(304,'06/10/2017',8,'Lucia ','1 Remontagem de dentes','',1,'','13/10/2017',0,25.00),(305,'06/10/2017',48,'Sem nome ','1 Hirax Modificado  -- 1 Disjuntor  -- 2 Ganchos','',1,'','13/10/2017',0,117.00),(306,'01/10/2017',14,'wilson ','1 Contenção 3x3 Higiênica -- 1 Placa de Contenção (Acetato) -- 1 Vazamento em gesso pedra','',3,'','11/10/2017',0,85.00),(307,'05/10/2017',27,'santos ','1 Montagem -- 1 NEW ACE','',2,'66','12/10/2017',0,64.50),(308,'06/10/2017',28,'Cida ','1 Consertos','',2,'','10/10/2017',0,35.00),(309,'09/10/2017',32,'ANA PAULA ','1 Placa de Hawley -- 1 Reeducador Lingual Resina ','',1,'LILAS ','16/10/2017',0,52.00),(310,'09/10/2017',27,'telma ','2 Base de prova resina foto','',3,'','16/10/2017',0,70.00),(311,'09/10/2017',27,'ANA JULIA ','1 Placa de Hawley -- 1 Platô Resina ','',1,'','16/10/2017',0,52.00),(312,'09/10/2017',27,'JOSE ','1 Prótese Imediata (Mont.+Acril.) (sem prova) -- 2 NEW ACE','',1,'62 ','16/10/2017',0,129.00),(313,'09/10/2017',22,'sem nome ','1 Placa de Hawley','',1,'incolor ','16/10/2017',0,42.00),(315,'09/10/2017',27,'Alexander  ','1 Placa de Hawley','',1,'AZUL ','16/10/2017',0,42.00),(316,'09/10/2017',11,'LUÍS ','1 Montagem -- 1 Acrilização rosa -- 2 POP ','',2,'66','16/10/2017',0,120.00),(317,'10/10/2017',11,'MARIA HELENA ','1 Copping (por elemento) --1 elemento suspenso  -- 1 Inlay  -- 1 Fibrex Fita ','',1,'66','17/10/2017',0,295.00),(318,'06/10/2017',22,'sem nome ','1 Acrilização rosa','',1,'','13/10/2017',0,60.00),(319,'09/10/2017',23,'sidneia ','1 Acrilização rosa','',1,'','16/10/2017',0,60.00),(320,'09/10/2017',45,'D. CLEUSA ','2 Moldeira individual resina foto','',3,'','16/10/2017',0,80.00),(321,'06/10/2017',7,'sem nome ','1 Placa de clareamento em silicone ou acetato -- 1 Placa Bruxismo resina ','',3,'','16/10/2017',0,120.00),(322,'11/10/2017',7,'adelaide ','1 Pl. Acetato para Setap -- 1 Placa Bruxismo resina ','',3,'','18/10/2017',0,150.00),(323,'11/10/2017',11,'Maria ','1 Base de Prova (Repetição)','',2,'','18/10/2017',0,20.00),(324,'10/10/2017',45,'FERNANDA ','1 Placa de Hawley','',1,'incolor ','17/10/2017',0,42.00),(328,'10/10/2017',45,'GUILHERME ','1 Expansor (confecção) -- 1 Exp em leque ','Pct. as 15h do dia 17/10',0,'VERDE CLARO ','17/10/2017',0,72.50),(329,'10/10/2017',45,'LUCAS ','1 Placa Bruxismo c/ Guia canina','',3,'','17/10/2017',0,90.00),(330,'11/10/2017',28,'Laura ','1 Placa de Hawley','',1,'rosa claro ','18/10/2017',0,42.00),(332,'11/10/2017',28,'Daniela ','1 Placa de Hawley','',1,'','18/10/2017',0,42.00),(334,'11/10/2017',32,'Matheus ','1 Placa de Hawley','',1,'vermelho/preto','16/10/2017',0,42.00),(335,'16/10/2017',23,'Ronaldo ','1 Montagem de Flex -- 1 BIOLUX','',1,'65','23/10/2017',0,84.50),(336,'16/10/2017',48,'Mike Pietro ','1 Placa de Hawley -- 1 Cont. 3x3 Higiênica','',3,'','23/10/2017',0,62.00),(337,'16/10/2017',42,'Jucelio ','1 Cont. 3x3 Higiênica','Leonardo ',2,'','23/10/2017',0,14.00),(338,'16/10/2017',23,'ELZA ','1 Provisória imediata (tipo aparelho) -- 1 POP ','',2,'66','23/10/2017',0,85.00),(339,'16/10/2017',30,'Tioko ','2 Acrilização incolor','',3,'','23/10/2017',0,130.00),(340,'16/10/2017',14,'Mirela ','1 Grade Lingual(Obrigatório Articulação)','DRA MARIANA ',2,'','23/10/2017',0,60.00),(341,'09/10/2017',28,'Leandro ','2 Montagem -- 2 BIOTONE ','',3,'66','17/10/2017',0,129.00),(342,'11/10/2017',8,'eliet','1 Montagem -- 1 BIOLUX','',2,'66','17/10/2017',0,64.50),(343,'10/10/2017',28,'GABRIELA ','1 Begg','',1,'ROSA CLARO','17/10/2017',0,53.00),(344,'10/10/2017',28,'SHEILA','1 Placa de Hawley','',1,'ROSA CLARO','17/10/2017',0,42.00),(347,'17/10/2017',22,'sem nome ','2 Base de prova resina foto','',3,'','19/10/2017',0,70.00),(348,'18/10/2017',45,'D Cleusa ','2 Base de prova ','',3,'','25/10/2017',0,70.00),(350,'18/10/2017',22,'sem nome ','1 Pl  em silicone / acetato ','',1,'','25/10/2017',0,60.00),(351,'18/10/2017',53,'Valeria Rosa ','1 Placa de Hawley -- 1 Cont. 3x3 Higiênica','',3,'','25/10/2017',0,62.00),(352,'18/10/2017',53,'Nicoly ','1 Expansor (confecção) --2 BATENTE/PLATÔ RESINA -- 2 Molas -- 1 EXPANSOR 11mm ','',1,'azul ','25/10/2017',0,104.00),(354,'11/10/2017',45,'nalva ','1 Prótese Imediata (Mont.+Acril.) (sem prova) -- 1 BIOLUX','',1,'66','18/10/2017',0,114.50),(355,'18/10/2017',14,'Sandra Sierim ','1 Cont. 3x3 Higiênica -- 1 Placa de Contenção (Acetato) -- 1 Vazamento em gesso pedra','',3,'','25/10/2017',0,85.00),(356,'18/10/2017',14,'Karoline ','1 Vazamento em gesso pedra -- 1 Expansor (confecção) -- 1 EXPANSOR 11mm ','',1,'','25/10/2017',0,69.00),(357,'19/10/2017',22,'sem nome ',NULL,'JA PAGOU 65,00 ',1,'','26/10/2017',0,0.00),(358,'16/10/2017',14,'RAFAEL JUSTES ','1 Placa de Contenção (Acetato) -- 1 Cont. 3x3 Higiênica -- 1 Vazamento em gesso pedra','',1,'','23/10/2017',0,85.00),(359,'19/10/2017',41,'Marcos Eduardo ','1 Expansor (confecção) -- 1 EXPANSOR 11mm ','',1,'vermelho ','26/10/2017',0,64.00),(360,'19/10/2017',41,'Claudia Regina ','1 Placa de Hawley','',1,'incolor ','26/10/2017',0,42.00),(362,'19/10/2017',23,'JOSI ','1 Coroa','',0,'A2 ','24/10/2017',0,80.00),(365,'19/10/2017',41,'Fabiana Almeida ','1 Mantenedor de Espaço Estético Funcional -- 1 Dente avulso ','',1,'66','26/10/2017',0,57.50),(366,'05/10/2017',27,'nazare ','2 Montagem -- 3 NEW ACE','',3,'66','12/10/2017',0,143.50),(367,'20/10/2017',27,'nazare ','2 Acrilização incolor','',3,'','27/10/2017',0,130.00),(368,'20/10/2017',27,'Leandrio','2 Acrilização rosa','',3,'','27/10/2017',0,120.00),(371,'19/10/2017',46,'luciana vitorelo','1 Placa Bruxismo resina ','',1,'','26/10/2017',0,70.00),(373,'18/10/2017',8,'sem nome ','1 Provisória imediata (tipo aparelho) -- 2 POP ','',1,'69','20/10/2017',1,110.00),(375,'1610/2017',11,'VALDECIR ','2 Consertos -- 4 POP ','TROCA DE DENTE',3,'60','23/10/2017',1,220.00),(376,'16/10/2017',11,'MARIA ','1 Provisória imediata (tipo aparelho) -- 2 POP ','',1,'66','23/10/2017',1,110.00),(377,'16/10/2017',11,'ALTAIR ','1 Provisória imediata (tipo aparelho) -- 2 POP ','',1,'66','23/10/2017',1,110.00),(378,'18/10/2017',14,'MAICON ','1 Expansor (confecção) -- 1 EXPANSOR 11mm ','',1,'AZUL ','25/10/2017',0,64.00),(379,'18/10/2017',32,'ALSO ','1 Placa Bruxismo resina ','',2,'','25/10/2017',0,70.00),(380,'18/10/2017',32,'maria lopes ','1 Placa de Hawley','',1,'rosa ','25/10/2017',0,42.00),(381,'18/10/2017',41,'Rafaela Correa ','1 Expansor (confecção) -- 1 EXPANSOR 11mm ','',1,'amarelo c glitter ','25/10/2017',0,64.00),(382,'20/10/2017',22,'sem nome ','1 Cont. 3x3 Higiênica','',2,'','27/10/2017',0,20.00),(383,'20/10/2017',22,'sem nome ','2 Montagem -- 4 BIOTONE ','',3,'66','27/10/2017',0,158.00),(386,'21/10/2017',25,'sem nome ','1 Consertos','',1,'','28/10/2017',0,50.00),(387,'21/10/2017',27,'NEIDE ','1 Placa de Hawley','',1,'ROSA ','28/10/2017',0,42.00),(388,'23/10/2017',14,'LETICIA ','2 Expansor (confecção) --2 EXPANSOR 11mm  -- 2 Vazamento em gesso pedra -- 1 BATENTE/PLATÔ RESINA','COM GLITTER E LETRA L ',3,'LILAS ','30/10/2017',0,148.00),(389,'23/10/2017',27,'BEATRIZ ','1 Placa de Hawley','',1,'ROSA ','30/10/2017',0,42.00),(390,'23/10/2017',23,'ANDREIA ','1 Coroa','',1,'A2 ','30/10/2017',0,80.00),(391,'23/10/2017',8,'ROBERTA ','1 Provisória imediata (tipo aparelho)','',1,'65','30/10/2017',0,80.00),(392,'24/10/2017',11,'RONALDO ','1 Placa de Hawley','',1,'incolor','31/10/2017',0,42.00),(394,'24/10/2017',11,'REINALDO','1 PPR LABOR. TATUI lll -- 1 Montagem -- 2 POP ','',1,'66','31/10/2017',0,130.00),(395,'24/10/2017',11,'IZABEL ','1 Montagem -- 2 BIOTONE ','',0,'66','31/10/2017',0,79.00),(396,'24/10/2017',11,'luiz ','1 PPR LABOR. TATUI lll -- 1 Montagem -- 2 POP ','',2,'','31/10/2017',0,130.00),(398,'24/10/2017',47,'ANSELMO ','1 Placa de Hawley','	',1,'INCOLOR ','31/10/2017',0,42.00),(399,'24/10/2017',47,'EUFRASIO ','1 Placa de Hawley','',1,'incolor ','31/10/2017',0,42.00),(400,'18/10/2017',28,'ANA BEATRIZ ','1 Hirax  -- 1 Disjuntor ','',1,'','26/10/2017',0,92.00),(401,'24/10/2017',11,'MARIA ','1 Montagem -- 2 POP ','',2,'','31/10/2017',0,60.00),(402,'24/10/2017',21,'ANA MARIA ','1 Base de prova  -- 1 Duplicação de modelos em gesso especial','',1,'','31/10/2017',0,50.00),(403,'24/10/2017',53,'JANEKELE ','1 Placa de Hawley -- 1 Cont. 3x3 Higiênica','',3,'INCOLOR ','31/10/2017',0,62.00),(405,'24/10/2017',14,'MOISES ','1 Expansor (confecção) --1 Adesivos e nomes -- 1 Expansor Dentaurum -- 1 Vazamento em gesso pedra','letra M ',1,'azul ','31/10/2017',0,83.00),(406,'19/10/2017',11,'CIDA ','1 PPR LABOR. TATUI lll -- 1 Prótese Imediata (Mont.+Acril.) (sem prova) -- 2 POP ','',2,'66','26/10/2017',0,180.00),(407,'23/10/2017',27,'Dona Santa ','1 Acrilização rosa','',2,'','30/10/2017',0,60.00),(408,'23/10/2017',8,'HATSUKA ','1 Montagem -- 2 POP ','',2,'66','26/10/2017',0,60.00),(410,'25/10/2017',23,'MANOEL','1 Coroa','',2,'A3 ','01/11/2017',0,80.00),(411,'25/10/2017',30,'GIULIA  ','1 Placa de Hawley -- 1 Reeducador lingual','',1,'rosa c/ gliter ','01/11/2017',0,67.00),(412,'25/10/2017',23,'EDILENE ',NULL,'60,00 - Cobrar pro lab ',1,'','01/11/2017',0,0.00),(413,'25/10/2017',22,'isabel','1 Remontagem - Cortesia ','',0,'','01/11/2017',0,0.00),(414,'20/10/2017',22,'sem nome ','2 Copping (por elemento) -- 2 Troquel','',1,'','27/10/2017',0,170.00),(415,'27/10/2017',22,'sem nome ','2 Acrilização incolor','',3,'inc ','03/11/2017',0,130.00),(416,'27/10/2017',55,'SEM NOME  ','1 Platô Fixo Metálico -- 1 Platô metálico','s/ art ',1,'','03/11/2017',0,95.00),(417,'23/10/2017',8,'Hatsuka ','1 Acrilização incolor','',2,'','30/10/2017',0,65.00),(418,'23/10/2017',34,'Maria Conceição ','1 Placa de Hawley','para 21/11 ',1,'rosa claro ','30/10/2017',0,42.00),(419,'27/10/2017',14,'Jessica Moraes ','1 Placa de Contenção (Acetato) -- 1 Vazamento em gesso pedra','',1,'','31/10/2017',0,65.00),(420,'27/10/2017',30,'Camile ','1 Placa de Hawley','',1,'AZUL ROYAL','31/10/2017',0,42.00),(421,'30/10/2017',30,'Martha ','2 Base de prova ','',3,'','06/11/2017',0,70.00),(422,'01/11/2017',23,'Carla ','2 elemento suspenso  -- 2 Apoio -- 1 Fibrex Fita ','',0,'a2 ','06/11/2017',0,260.00),(423,'31/10/2017',36,'Isabel ','1 Begg','',1,'inc ','07/11/2017',0,53.00),(424,'31/10/2017',36,'Natalya ','1 Begg','',1,'inc','07/11/2017',0,53.00),(425,'9/10/2017',25,'miriam ','1 Begg','',1,'','17/10/2017',0,53.00),(426,'25/10/2017',25,'sem nome','1 Consertos','na vdd é uma coroa. ',1,'','30/10/2017',0,50.00),(427,'30/10/2017',21,'ana maria  ','1 Montagem de Flex -- 1 BIOLUX','entregue dia 01/11 ',1,'65','31/10/2017',0,84.50),(428,'01/11/2017',28,'DUZIANE ','1 Placa de Hawley','',1,'ROSA CLARO','08/11/2017',0,42.00),(429,'30/10/2017',45,'JULIA ','1 Consertos','',1,'','31/10/2017',0,20.00),(432,'03/11/2017',11,'ANA ','1 Placa de Hawley','',1,'incolor ','10/11/2017',0,42.00),(433,'01/11/2017',45,'cleusa ','2 Montagem -- 4 BIOLUX','',3,'66','08/11/2017',0,158.00),(434,'01/11/2017',11,'CÍCERO ','1 Montagem -- 2 POP ','a26 32m pop 66 ',2,'66','08/11/2017',0,60.00),(435,'01/11/2017',8,'sem nome ','1 Coroa','',0,'a3.5','08/11/2017',0,100.00),(436,'01/11/2017',34,'HELOISA','1 Consertos','BIOAJUSTADOR',1,'ROSA','08/11/2017',0,50.00),(437,'01/11/2017',27,'SELMA ','2 Montagem -- 4 NEW ACE','',3,'66 ','10/11/2017',0,158.00),(439,'07/11/2017',28,'maria eduarda ','1 Placa de Hawley','veio 10/10 - foi 17/10 ',1,'rosa claro ','14/11/2017',0,42.00),(441,'24/10/2017',11,'LUIZ ','1 PPR LABOR. TATUI lll -- 1 Consertos','',2,'','31/10/2017',0,130.00),(442,'01/11/2017',8,'LUIZA','1 Acrilização rosa','',1,'','07/11/2017',0,60.00),(443,'01/11/2017',11,'MARIA','1 Acrilização incolor','',2,'','07/11/2017',0,65.00),(444,'07/11/2017',45,'thais ','1 Placa de Hawley -- 1 Cont. 3x3 Reta ','',3,'rosa claro','14/11/2017',0,52.00),(445,'07/11/2017',45,'SHEILA','1 Placa de Hawley -- 1 Cont. 3x3 Reta ','',3,'ROSA CLARO','14/11/2017',0,52.00),(446,'07/11/2017',23,'ANGELA ','1 Ponte Fixa  -- 2 Apoio -- 1 Fibrex Fita ','',2,'A2','14/11/2017',0,213.75),(447,'07/11/2017',14,'MARIA APDA.','1 Cont. 3x3 Higiênica','',2,'','14/11/2017',0,20.00),(450,'07/11/2017',23,'IRINEU MENDES ','1 Provisória imediata (tipo aparelho) -- 1 NEW ACE','REMOVER DENTE 18 NO MODELO',1,'A4','14/11/2017',0,94.50),(451,'07/11/2017',23,'LOURIVAL','1 Provisória imediata (tipo aparelho) -- 2 NEW ACE','REMOVER OS DENTES 33-34-43 NO MODELO\nCONFIRMADO ',2,'A3,5','14/11/2017',0,109.00),(452,'08/11/2017',11,'ISABEL ','1 Acrilização incolor','',2,'','15/11/2017',0,65.00),(453,'07/11/2017',45,'CLEUSA ','2 Acrilização incolor','',3,'','14/11/2017',0,130.00),(455,'08/11/2017',11,'rose ','1 Prótese Imediata (Mont.+Acril.) (sem prova) -- 2 POP ','',1,'','14/11/2017',0,110.00),(456,'02/11/2017',22,'sem nome ','1 Provisória imediata (tipo aparelho) -- 1 Dente avulso ','',1,'','09/11/2017',0,82.50),(457,'06/11/2017',17,'ANDRE ','1 Placa Bruxismo resina  -- 2 Vazamento em gesso pedra','',1,'','10/11/2017',0,80.00),(458,'09/11/2017',11,'AUTIN ','1 Consertos','',1,'','16/11/2017',0,35.00),(459,'09/11/2017',11,'EDUARDO ','1 PPR LABOR. TATUI lll -- 2 TRILUX -- 1 Montagem Trilux','COM ANTAGONISTA INF ',1,'66 ','16/11/2017',0,230.00),(460,'09/11/2017',8,'AGIL','2 Montagem de dentes  -- 4 BIOLUX','',3,'A3,5','14/11/2017',0,158.00),(461,'09/11/2017',41,'Naisa De Souza ','1 Placa de Hawley','',1,'inc ','16/11/2017',0,42.00),(462,'09/11/2017',41,'Gisele  Apda. ','1 Placa de Hawley','',1,'incolor ','16/11/2017',0,42.00),(463,'13/11/2017',32,'Adriana ','1 Placa de Hawley','',1,'incolor ','20/11/2017',0,42.00),(464,'09/11/2017',34,'Pedro Augusto ','1 Expansor (confecção) -- 2 Molas -- 1 EXPANSOR 11mm ','',1,'amarelo ','20/11/2017',0,84.00),(465,'13/11/2017',28,'Maria Alice ','1 Placa de Hawley','',2,'incolor ','16/11/2017',0,42.00),(466,'03/11/2017',14,'ANA PORTINI ','1 Placa de Contenção (Acetato) -- 1 Cont. 3x3 Higiênica -- 1 Vazamento em gesso pedra','',3,'','14/11/2017',0,85.00),(467,'13/11/2017',45,'LEONARDO ','1 Placa de Hawley -- 1 Cont. 3x3 Reta ','',2,'azul claro ','17/11/2017',0,52.00),(468,'13/11/2017',7,'Cristiane ','1 Placa Bruxismo resina ','',1,'','20/11/2017',0,70.00),(469,'13/11/2017',23,'Luiz Forte ','1 Montagem de dentes  -- 1 NEW ACE -- 1 Duplicação de modelos em gesso pedra','',1,'a3 ','20/11/2017',0,74.50),(470,'13/11/2017',34,'Andreia ','1 Mantenedor de Espaço Estético Funcional','dentes a dra deu ',1,'inc 66 ','20/11/2017',0,55.00),(471,'13/11/2017',21,'Alda ','1 Base de prova  -- 1 Duplicação de modelos em gesso especial','flex ',1,'','20/11/2017',0,50.00),(472,'14/12/2017',57,'Fernando - Dra Vanessa ','1 Coroa','Veio sem art. ',1,'','21/12/2017',0,70.00),(473,'09/11/2017',8,'Heloisa ','1 Acrilização incolor','',1,'','23/11/2017',0,65.00),(474,'04/11/2017',11,'sem nome ','1 Acrilização incolor','',2,'','16/11/2017',0,65.00),(475,'04/11/2017',11,'reinaldo ','1 PPR LABOR. TATUI lll -- 1 Prótese Imediata (Mont.+Acril.) (sem prova) -- 1 POP ','',1,'66 ','16/11/2017',0,175.00),(476,'04/11/2017',35,'Clara ','1 Expansor (confecção) -- 1 EXPANSOR 11mm  -- 2 Recobrimento oclusal','',2,'rosa com gliter ','16/11/2017',0,84.00),(478,'04/11/2017',21,'Ana Maria ','1 Acril. Flex l','',1,'','16/11/2017',0,180.00),(479,'14/11/2017',27,'Sem nome ','1 Placa de Hawley','',1,'rosa claro ','22/11/2017',0,42.00),(480,'15/11/2017',11,'eduardo ','1 Placa de Hawley','',1,'incolor ','22/11/2017',0,42.00),(481,'14/11/2017',28,'Mateus ','1 Hirax Modificado  -- 1 Disjuntor ','p/ dia 27/11 ',1,'','27/11/2017',0,97.00),(482,'13/11/2017',23,'Andreia ','2 Coroa','',2,'a2 ','20/11/2017',0,160.00),(483,'16/11/2017',30,'Marta ','2 Montagem de dentes  -- 4 BIOTONE ','p/ 21/11 ',3,'62','23/11/2017',0,158.00),(484,'14/11/2017',8,'Eliete ','1 Acrilização rosa','',2,'','21/11/2017',0,60.00),(485,'14/11/2017',8,'sem nome ','1 Acrilização rosa','',2,'','21/11/2017',0,60.00),(486,'16/11/2017',32,'Jessica ','1 B.T.P.','',0,'','23/11/2017',0,50.00),(487,'16/11/2017',32,'Eduardo ','1 Placa de Hawley -- 1 Molas','',2,'incolor ','23/11/2017',0,52.00),(488,'16/11/2017',8,'Andreia ','1 Jaqueta ','',2,'a3,5 ','23/11/2017',0,100.00),(489,'14/11/2017',25,'Maria ','1 Montagem de dentes ','',2,'','16/11/2017',0,50.00),(490,'14/11/2017',25,'Maria ','2 Provisória imediata (tipo aparelho)','',3,'','16/11/2017',0,120.00),(491,'14/11/2017',25,'maria ','1 Remontagem - Cortesia ','',0,'','16/11/2017',0,0.00),(492,'14/11/2017',14,'Amanda ','1 Placa de Contenção (Acetato) -- 1 Cont. 3x3 Higiênica -- 1 Vazamento em gesso pedra','',0,'','16/11/2017',0,85.00),(493,'17/11/2017',22,'sem nome ','1 Coroa','',1,'a2 ','24/11/2017',0,100.00),(494,'20/11/2017',11,'ana ','1 Montagem de dentes  -- 2 POP ','',1,'66 ','30/11/2017',0,60.00),(495,'17/11/2017',22,'sem nome ','1 Placa de Hawley -- 1 Cont. 3x3 Higiênica','',3,'rosa ','24/11/2017',0,62.00),(496,'17/11/2017',22,'sem nome ','1 Expansor (confecção) -- 1 EXPANSOR 11mm ','',1,'rosa ','24/11/2017',0,64.00),(497,'20/11/2017',27,'SELMA ','1 Remontagem - Cortesia  -- 2 NEW ACE','',1,'','24/11/2017',0,29.00),(498,'20/11/2017',27,'jOSE CARLOS ','1 Base de prova ','',2,'','24/11/2017',0,35.00),(499,'17/11/2017',23,'Edilene ','1 Montagem de dentes  -- 1 NEW ACE','',1,'a2 ','24/11/2017',0,64.50),(500,'21/11/2017',21,'ALDA ','1 Montagem de Flex -- 1 BIOLUX','',1,'','22/11/2017',0,84.50),(501,'21/11/2017',23,'MARCOS ',NULL,'COBRAR DA DRA - 60,00 c art ',1,'','28/11/2017',0,0.00),(503,'22/11/2017',32,'CARLOS ','1 Hirax Modificado  -- 1 Disjuntor ','',1,'','29/11/2017',0,97.00),(504,'22/11/2017',23,'MARIA DE FATIMA','1 Base de prova  -- 1 Duplicação de modelos em gesso especial -- 1 Vazamento em gesso especial',' ',2,'','29/11/2017',0,57.00),(505,'22/11/2017',23,'Elisangela ','2 Coroa','',2,'a2 ','29/11/2017',0,200.00),(506,'17/12/2017',12,'GABRIELA ','1 Placa de Hawley -- 1 Cont. 3x3 Higiênica','',3,'rosa ','24/12/2017',0,62.00),(507,'21/11/2017',54,'ESTER ','1 Placa de Contenção (Acetato) -- 1 Vazamento em gesso pedra','VARGEM GRANDE ',1,'','28/11/2017',0,65.00),(508,'22/11/2017',28,'KELVIN ','1 Placa de Hawley -- 1 Reeducador lingual','',1,'incolor ','30/11/2017',0,67.00),(509,'22/11/2017',53,'FELIPE AUGUSTO ','1 Cont. 3x3 Higiênica','',2,'','30/11/2017',0,20.00),(510,'22/11/2017',53,'MICHELLY ','1 Placa de Hawley -- 1 Cont. 3x3 Higiênica','',3,'INCOLOR ','30/11/2017',0,62.00),(511,'22/11/2017',53,'BERNADETE ','1 Placa de Hawley -- 1 Cont. 3x3 Higiênica','',3,'INCOLOR ','30/11/2017',0,62.00),(512,'22/11/2017',30,'jose ricardo ','1 Placa de Hawley','',1,'azul royal ','30/11/2017',0,42.00),(514,'23/11/2017',58,'ADEVAL JOSE N 256','1 PT ROSA ','',2,'','30/11/2017',0,400.00),(515,'19/11/2017',58,'ADEVAL  JOSE N 256 ','1 Consertos','',0,'','19/11/2017',0,50.00),(516,'19/11/2017',30,'MARTA ','1 Remontagem - Cortesia ','',3,'','19/11/2017',0,0.00),(517,'22/11/2017',8,'Azil ','1 Acrilização rosa -- 1 Acrilização incolor','',3,'','29/11/2017',0,125.00),(519,'22/11/2017',8,'Etelvino','2 Montagem de dentes  -- 4 BIOLUX','',3,'a 3,5','29/11/2017',1,183.00),(520,'24/11/2017',11,'Ana Rossana','1 Acrilização incolor','',2,'','30/11/2017',0,65.00),(521,'24/11/2017',32,'Ana Cristina ','1 Placa Bruxismo resina ','',1,'','30/11/2017',0,70.00),(522,'17/11/2017',49,'filha da Dona','1 Consertos','',0,'','24/11/2017',0,0.00),(523,'24/11/2017',11,'Eduardo','1 Remontagem - Cortesia ','Remontagem em Trilux ',1,'','30/11/2017',0,0.00),(524,'24/11/2017',32,'Leonardo','1 Placa de Hawley -- 1 Grade','',1,'azul','30/11/2017',0,52.00),(525,'24/11/2017',11,'Rose','2 REFORCO C/ FIO DE ORTO','',1,'','30/11/2017',0,20.00),(526,'24/11/2017',11,'Cacilda ','1 Montagem de dentes  -- 2 POP ','',1,'','30/11/2017',0,60.00),(527,'22/11/2017',23,'IRINEU ','1 Provisória imediata (tipo aparelho) -- 1 NEW ACE','',2,'A4','03/12/2017',0,94.50),(528,'23/11/2017',27,'BENEDITO ','1 Base de prova ','',2,'','27/11/2017',0,35.00),(529,'15/11/2017',11,'APARECIDA ','1 PPR LABOR. TATUI lll --1 Montagem de dentes  -- 1 POP  -- 1 Dente avulso ','',2,'66 ','27/11/2017',0,127.50),(530,'25/11/2017',30,'camile ','1 Placa de Hawley','repeticao ',1,'azul ','30/11/2017',0,42.00),(531,'27/11/2017',32,'RODRIGO ','1 Placa de Hawley','P 05 /12/17 ',1,'AZUL CLARO ','30/11/2017',0,42.00),(533,'25/11/2017',27,'Ana Carolina ','1 Begg','p 5/12/17',1,'rosa ','30/11/2017',0,53.00),(534,'27/11/2017',32,'Ana ','1 Expansor (confecção) -- 1 Exp em leque ','p 5/12/17',1,'incolor ','30/11/2017',0,72.50),(535,'28/11/2017',25,'SEM NOME ','1 Coroa','',1,'62','30/11/2017',0,80.00),(536,'28/11/2017',27,'JOSE CARLOS  ','1 Montagem de dentes  -- 2 NEW ACE','',2,'','30/11/2017',0,79.00),(537,'25/11/2017',27,'gilberto ','1 Montagem de dentes  -- 2 NEW ACE','',1,'66 ','30/11/2017',0,79.00),(538,'25/11/2017',32,'RAFAEL ','1 Expansor (confecção) --1 EXPANSOR 11mm  -- 2 Recobrimento oclusal -- 4 Molas','11/12/21/22 ',0,'INCOLOR ','30/11/2017',0,124.00),(539,'28/12/2017',48,'CAIO EDUARDO  ','1 Expansor (confecção) -- 1 EXPANSOR 11mm ','',1,'azul ','30/12/2017',0,64.00),(540,'28/11/2017',27,'gizelia ','1 Montagem de dentes  -- 2 NEW ACE','',1,'66 ','30/11/2017',0,79.00),(541,'28/11/2017',23,'MEIRE ','1 Coroa','A2 ',2,'A2 ','30/11/2017',0,80.00),(542,'28/11/2017',23,'PABLO SANTOS ','1 Onlay ','DENTE 26 ',1,'A4 ','30/11/2017',0,100.00),(544,'28/11/2017',23,'LUIZ FORTE ','1 Acrilização incolor','',1,'','30/11/2017',0,65.00),(545,'24/11/2017',8,'ETELVINO ','1 Acrilização incolor -- 1 Acrilização rosa -- 1 Rugas palatinas ','',3,'','29/11/2017',0,135.00),(546,'24/11/2017',27,'Roberto ','1 Placa de Hawley -- 1 BATENTE/PLATÔ RESINA -- 1 Arcos Modificados','',1,'azul royal ','29/11/2017',0,67.00),(547,'23/11/2017',23,'RONALDO ','1 Acril. Flex l','',1,'A3,5 ','29/11/2017',0,180.00),(548,'28/11/2017',36,'BEATRIZ BEREL ','1 Placa de Contenção (Acetato)','',1,'','30/11/2017',0,60.00),(549,'23/11/2017',22,'sem nome ','2 Aplicação porcelana a partir de (por elemento)','',3,'A3 ','30/11/2017',0,300.00),(551,'06/11/2017',22,'sem nome ','2 Copping (por elemento) -- 2 Aplicação (de cerâmica c/ ombro)','dente 22 e 24 ',2,'','30/11/2017',0,440.00),(552,'30/11/2017',30,'MARTA ','2 Acrilização incolor','',3,'INCOLOR ','07/12/2017',0,130.00),(553,'25/11/2017',27,'SELMA ','2 Acrilização incolor','',0,'INC','01/12/2017',0,130.00),(554,'30/11/2017',45,'Tatiane','1 Cont. 3x3 Reta  -- 1 Placa de Hawley','',0,'rosa claro','07/12/2017',0,52.00),(555,'29/11/2017',28,'Beatriz','1 Begg','',1,'incolor','07/12/2017',0,53.00),(556,'29/11/2017',45,'Natacha ','1 Cont. 3x3 Reta  -- 1 Placa de Hawley','',3,'roxo','07/12/2017',0,52.00),(557,'29/11/2017',55,'s/nome','1 Placa de Hawley -- 1 Cont. 3x3 Higiênica','',3,'incolor','07/12/2017',0,62.00),(558,'30/11/2017',55,'s/nome','1 Gancho de traçao fixo ','',2,'','07/12/2017',0,30.00),(559,'01/12/2017',59,'Nilo','1 Provisória imediata (tipo aparelho)','Exo dos Dentes 24 25 ',1,'66','07/12/2017',0,80.00),(560,'30/11/2017',23,'Maria de Fatima ','1 Montagem de Flex -- 1 NEW ACE','',2,'A 3','07/12/2017',0,84.50),(561,'01/12/2017',11,'NIVEA ','1 Placa de Hawley','',1,'','08/12/2017',0,42.00),(563,'01/11/2017',54,'elvis ','1 Placa de Hawley','dr daniel vgp ',1,'incolor ','09/11/2017',0,42.00),(564,'14/11/2017',14,'sonia ','1 Cont. 3x3 Higiênica','',2,'','16/11/2017',0,20.00),(565,'14/11/2017',14,'andre ','1 Placa de Contenção (Acetato)','2mm ',1,'','16/11/2017',0,60.00),(566,'04/11/2017',17,'manoel ','1 Consertos -- 1 BIOLUX','troca de dentes ',1,'','16/11/2017',0,74.50),(567,'1/12/2017',11,'sem nome ','1 Acrilização rosa','',2,'','04/12/2017',0,60.00),(568,'1/12/2017',27,'benedito ','1 Montagem de dentes  -- 1 BIOTONE ','descontei 1 pl biotone ',1,'66','04/12/2017',0,64.50),(569,'29/11/2017',21,'ALDA','1 Acril. Flex l','entregue dia 4/12/17',2,'','30/11/2017',0,180.00),(570,'01/12/2017',14,'jadir ','1 Consertos','',2,'','04/12/2017',0,35.00),(571,'01/12/2017',46,'ana ','1 Disjuntor Macnamara -- 1 DISJUNTOR 11MM ','',2,'','05/12/2017',0,102.00),(572,'05/12/2017',27,'JURANDIR ','1 Base de prova ','pediu para 06/12 noite',2,'','06/12/2017',0,35.00),(573,'05/12/2017',60,'Miguel Da Silva ','2 Expansor (confecção) -- 2 EXPANSOR 11mm ','',1,'azul escuro ','12/12/2017',0,89.60),(574,'04/12/2017',28,'jane ','1 Placa de Hawley','',1,'rosa claro ','11/12/2017',0,42.00),(575,'04/12/2017',45,'Maria Jose ','1 Montagem de dentes  -- 2 BIOLUX','',1,'66 ','08/12/2017',0,79.00),(576,'01/12/2017',14,'sem nome ','2 Expansor (confecção) -- 2 EXPANSOR 11mm  -- 2 Vazamento em gesso especial','',3,'rosa c glitter','08/12/2017',0,142.00),(577,'01/12/2017',19,'Mariza','1 Placa Bruxismo resina ','',0,'','06/12/2017',0,70.00),(579,'06/12/2017',57,'anderson ','1 Coroa','',1,'66 ','08/12/2017',0,70.00),(580,'05/12/2017',23,'maria fatima ','1 Acril. Flex l','',2,'','12/12/2017',0,180.00),(581,'05/12/2017',20,'sem nome ','1 Acrilização incolor','',1,'','12/12/2017',0,65.00),(582,'05/12/2017',8,'Carlos ','1 Montagem de dentes  -- 1 POP ','12 e 21 ',1,'66 ','11/12/2017',0,55.00),(583,'05/12/2017',25,'ALISSON ','1 Montagem de dentes ','',1,'','12/12/2017',0,50.00),(587,'6/12/2017',22,'sem nome ','1 Prótese Imediata (Mont.+Acril.) (sem prova) -- 2 POP ','',1,'67','13/12/2017',0,110.00),(588,'06/12/2017',25,'ELEIL ','1 Montagem de dentes ','',1,'66','09/12/2017',0,50.00),(589,'06/12/2017',25,'PEDRO ','1 Montagem de dentes ','',1,'66','09/12/2017',0,50.00),(590,'05/12/2017',23,'EDILENE ','1 Acrilização incolor','',1,'','08/12/2017',1,81.25),(591,'01/12/2017',25,'ROBERTO ','1 Coroa','',1,'66','06/12/2017',0,80.00),(595,'04/12/2017',7,'sem nome ','1 Expansor (confecção) --1 Expansor Dentaurum -- 1 Arcos Modificados -- 1 Pl. inclinado ','',1,'rosa claro','11/12/2017',0,93.00),(596,'01/12/2017',11,'Eduardo ','1 Remontagem de dentes -- 1 TRILUX -- 1 Acrilização Trilux ','',1,'60 ','11/12/2017',0,145.00),(597,'06/12/2017',32,'Leandro ','1 Placa de Hawley','',1,'verde ','13/12/2017',0,42.00),(598,'05/12/2017',27,'Jose Carlos ','1 Acrilização incolor','',2,'','08/12/2017',0,65.00),(599,'07/12/2017',25,'Maria','2 Montagem de dentes ','',3,'66','15/12/2017',0,100.00),(600,'07/12/2017',14,'Claudia ','1 Placa de Contenção (Acetato) -- 1 Cont. 3x3 Higiênica -- 1 Vazamento em gesso pedra','',3,'','15/12/2017',0,85.00),(601,'07/12/2017',11,'Lucilene ','1 Provisória imediata (tipo aparelho) -- 2 POP ','',2,'','15/12/2017',0,90.00),(602,'25/11/2017',53,'Paulo correia ','1 Placa de Hawley','',1,'incolor','30/11/2017',0,42.00),(603,'07/12/2017',23,'SUELI ','1 Provisória imediata (tipo aparelho) -- 2 NEW ACE','',0,'','14/12/2017',0,109.00),(604,'07/12/2017',27,'jurandir ','1 Montagem de dentes  -- 2 BIOTONE ','',2,'62','11/12/2017',0,79.00),(605,'07/12/2017',27,'edneusa ','1 Base de prova ','',2,'','11/12/2017',0,35.00),(606,'11/12/2017',31,'rafa ','1 Expansor (confecção) -- 1 EXPANSOR 11mm ','',0,'','18/12/2017',0,44.80),(609,'09/12/2017',27,'EVA ','1 Provisória imediata (tipo aparelho) -- 1 POP ','',2,'66 ','19/12/2017',0,85.00),(610,'09/12/2017',27,'SEM NOME  ','1 Acrilização rosa','',2,'ROSA ','19/12/2017',0,60.00),(611,'11/12/2017',45,'MARIA JOSE ','1 Acrilização incolor','',1,'','15/12/2017',0,65.00),(613,'08/12/2017',28,'PEDRO ','1 Placa de Hawley','',1,'AZUL CLARO','15/12/2017',0,42.00),(614,'08/12/2017',27,'RAFAEL ','1 Placa de Hawley','',1,'INCOLOR ','15/12/2017',0,42.00),(615,'12/12/2017',61,'sem nome ','1 Placa de Hawley -- 1 Cont. 3x3 Reta ','',3,'','14/12/2017',0,52.00),(616,'13/11/2017',25,'sem nome ','1 Acrilização incolor','',2,'','20/11/2017',0,65.00),(617,'13/11/2017',25,'sem nome ','1 Montagem de dentes ',' a25 inf 32l inf ',2,'66','20/11/2017',0,50.00),(618,'13/11/2017',25,'gilvanete ','1 Acrilização incolor','',1,'','20/11/2017',0,65.00),(619,'10/11/2017',25,'Genilda ','1 Montagem de dentes ','32m sup a25 sup pop ',1,'66 ','12/11/2017',0,50.00),(620,'06/11/2017',25,'ricardo ','1 Prótese Imediata (Mont.+Acril.) (sem prova)','',1,'66 ','10/11/2017',0,100.00),(621,'14/11/2017',25,'Julia Ap. ','2 Montagem de dentes  -- 2 Acrilização rosa','',3,'','16/11/2017',0,220.00),(623,'12/12/2017',14,'vitor ','1 Vaz. gesso pedra -- 1 Placa de Contenção (Acetato) -- 1 Cont. 3x3 Higiênica','',3,'','19/12/2017',0,85.00),(624,'12/12/2017',14,'isabela ','1 Vaz. gesso pedra -- 1 Cont. 3x3 Higiênica -- 1 Placa de Contenção (Acetato)','',3,'','19/12/2017',0,85.00),(625,'04/12/2017',11,'Luiz ','1 Prótese Imediata (Mont.+Acril.) (sem prova) -- 2 POP ','30L INF 66 2N INF 66 ',2,'66 ','13/12/2017',0,110.00),(626,'12/12/2017',23,'LOURIVAL ','1 Base de prova  --1 Duplicação de modelos em gesso especial -- 1 Montagem de Flex -- 2 NEW ACE','',2,'a 3,5 ','19/12/2017',0,149.00),(627,'11/12/2017',24,'Flavia ','1 Placa de Hawley -- 1 BATENTE/PLATÔ RESINA','5934',1,'rosa ','18/12/2017',0,52.00),(628,'13/12/2017',27,'Jurandi','1 Acrilização incolor','',2,'incolor','20/12/2017',0,65.00),(630,'11/12/2017',23,'MARCOS ','1 Montagem de dentes  -- 1 BIOLUX','V 17 62 BIOLUX ',1,'62','18/12/2017',0,64.50),(631,'11/12/2017',25,'SEM NOME ','2 Montagem de dentes ','',3,'66 ','18/12/2017',0,100.00),(632,'11/12/2017',25,'MARIA ','1 Remontagem - Cortesia ','',3,'','18/12/2017',0,0.00),(633,'11/12/2017',25,'sem nome ','1 Acrilização incolor','',0,'','18/12/2017',0,65.00),(634,'11/12/2017',25,'sem nome ','1 Montagem de dentes ','',2,'','18/12/2017',0,50.00),(635,'02/12/2017',25,'claudia ','1 Montagem de dentes ','',1,'','08/12/2017',0,50.00),(636,'09/12/2017',25,'sem nome ','1 Acrilização rosa','',0,'','13/12/2017',0,60.00),(637,'09/12/2017',25,'sem nome ','1 Acrilização rosa','',0,'','13/12/2017',0,60.00),(638,'09/12/2017',25,'augusto ','1 Acrilização incolor','',0,'','13/12/2017',0,65.00),(639,'09/12/2017',25,'augusto ','1 Montagem de dentes ','',2,'66 ','13/12/2017',0,50.00),(640,'13/12/2017',12,'claudia ','1 Cont. Estética  -- 1 Arco R. Ramos -- 2 Cont. 3x3 Higiênica','',3,'incolor ','19/12/2017',0,167.00),(641,'13/12/2017',55,'ALEX ','1 Placa de clareamento em silicone ou acetato','',3,'','20/12/2017',0,50.00),(642,'13/12/2017',55,'junior ','1 Cont. 3x3 Higiênica','',2,'','20/12/2017',0,20.00),(643,'13/12/2017',55,'marcele','1 Placa de Hawley -- 1 Cont. 3x3 Higiênica','',3,'','18/12/2017',0,62.00),(645,'13/12/2017',14,'marcela ','1 Cont. 3x3 Higiênica -- 1 Placa de Contenção (Acetato) -- 1 Vaz. gesso pedra','',3,'','20/12/2017',0,85.00),(646,'13/12/2017',29,'andersom','1 Conserto proteses','',2,'inc','21/12/2017',0,35.00),(647,'15/12/2017',34,'DANIEL','1 Placa de Hawley -- 1 Cont. 3x3 Higiênica','',3,'azul ','22/12/2017',0,62.00),(648,'15/12/2017',55,'sem nome ','2 Cont. 3x3 Higiênica','',3,'','22/12/2017',0,40.00),(649,'15/12/2017',27,'S/Nome','1 Montagem de dentes  -- 2 BIOLUX','obs.protese inferior over Dent ',2,'66','15/12/2017',0,79.00),(651,'15/12/2017',45,'maria jose ','1 Consertos','',1,'','18/12/2017',0,0.00),(652,'18/12/2017',8,'valdete','1 Montagem de dentes  -- 2 BIOLUX -- 1 Acrilização rosa','',2,'','25/12/2017',1,166.50),(654,'18/12/2017',14,'Marco','1 Moldeira individual resina foto','',2,'','25/12/2017',0,40.00),(655,'08/12/2017',35,'JHENIFER ','2 Expansor (confecção) -- 2 EXPANSOR 11mm ','',3,'rosa com glitter ','20/12/2017',0,128.00),(656,'19/12/2017',62,'ELIENE ','1 Acrilização rosa','PPR ',1,'','21/12/2017',0,60.00),(657,'18/12/2017',23,'marcos ','1 Acrilização rosa','',1,'','20/12/2017',0,60.00),(658,'21/12/2017',23,'lourival ','1 Acril. Flex l','',2,'','28/12/2017',1,225.00),(659,'16/12/2017',62,'ELIENE ','1 Montagem de dentes  -- 2 BIOLUX','',1,'','23/12/2017',1,91.50),(660,'21/12/2017',25,'Bene  ','1 Montagem de dentes ','',1,'66 ','22/12/2017',0,50.00),(661,'20/12/2017',25,'cunhado roberto','1 Acrilização rosa -- 1 Acrilização incolor','',3,'','21/12/2017',0,125.00),(662,'20/12/2017',25,'sem nome ','1 Acrilização incolor','',1,'','21/12/2017',0,65.00),(663,'20/12/2017',25,'sem nome ','1 Montagem de dentes ','',1,'66 ','21/12/2017',0,50.00),(664,'15/12/2017',25,'sem nome ','1 Acrilização incolor','',2,'','18/12/2017',0,65.00),(665,'15/12/2017',25,'sem nome ','2 Acrilização incolor','',3,'','18/12/2017',0,130.00),(666,'15/12/2017',25,'sem nome ','1 Acrilização incolor','',1,'','18/12/2017',0,65.00),(667,'21/12/2017',35,'Ives ','1 Expansor (confecção) -- 1 EXPANSOR 11mm  -- 1 Grade','',1,'LILAS C GLITER ','08/01/2018',0,74.00),(668,'08/01/2018',25,'sem nome','1 Acrilização incolor','',1,'inc','15/01/2018',0,65.00),(669,'08/01/2018',25,'natalino ','1 Nucleo para labor ','',1,'','15/01/2018',0,40.00),(670,'08/01/2018',25,'roberto ','1 Nucleo para labor ','',1,'','15/01/2018',0,40.00),(671,'08/01/2018',25,'sem nome ','5 Provisoria ','dente 13 ao 26 ',1,'66 ','15/01/2018',0,225.00),(672,'06/01/2018',25,'roberto ','4 Provisoria ','',1,'','10/01/2018',0,180.00),(673,'29/01/2018',23,'francisco ','2 Base de prova ','',3,'','05/02/2018',0,70.00),(674,'29/01/2018',7,'aaaa','1 A.E.B. c/ tubo','',1,'aaa','05/02/2018',0,25.00);
/*!40000 ALTER TABLE `relacao` ENABLE KEYS */;
UNLOCK TABLES;

--
-- Table structure for table `servicos`
--

DROP TABLE IF EXISTS `servicos`;
/*!40101 SET @saved_cs_client     = @@character_set_client */;
/*!40101 SET character_set_client = utf8 */;
CREATE TABLE `servicos` (
  `CodServ` int(11) NOT NULL AUTO_INCREMENT,
  `Serv_Nome` varchar(100) NOT NULL,
  `Serv_Preco` decimal(6,2) DEFAULT NULL,
  `Serv_id_Cat` int(11) DEFAULT NULL,
  PRIMARY KEY (`CodServ`),
  KEY `Serv_id_Cat` (`Serv_id_Cat`),
  CONSTRAINT `servicos_ibfk_1` FOREIGN KEY (`Serv_id_Cat`) REFERENCES `categoria` (`CodCat`) ON DELETE CASCADE ON UPDATE CASCADE
) ENGINE=InnoDB AUTO_INCREMENT=229 DEFAULT CHARSET=utf8;
/*!40101 SET character_set_client = @saved_cs_client */;

--
-- Dumping data for table `servicos`
--

LOCK TABLES `servicos` WRITE;
/*!40000 ALTER TABLE `servicos` DISABLE KEYS */;
INSERT INTO `servicos` VALUES (1,'Placa de Hawley',42.00,1),(2,'Cont. Continua Begg .',53.00,1),(5,'Expansor (confecção)',53.00,1),(6,'Mantenedor de Espaço Estético Funcional',55.00,1),(7,'Mantenedor de Esp. Funcional(+ elementos-resina)',55.00,1),(8,'Placa de Mauricio',60.00,1),(9,'Placa de Mauricio c/ 2 expansores',80.00,1),(10,'Placa de Mauricio Tridimensional',95.00,1),(11,'Consertos',NULL,1),(12,'Expansores e dijustores',NULL,2),(13,'Adesivos e nomes',10.00,2),(14,'Bandas',2.00,2),(15,'Grade',10.00,2),(16,'Braços',10.00,2),(17,'Ganchos',10.00,2),(18,'Aletas Inferiores ',20.00,2),(19,'Molas',10.00,2),(20,'Recobrimento oclusal',10.00,2),(21,'Redutor de diastema',20.00,2),(22,'Reeducador lingual',25.00,2),(23,'Equiplan',20.00,2),(24,'Platô metálico',30.00,2),(26,'Arco de P.L.A',20.00,2),(27,'A.E.B. Fixo',20.00,2),(28,'A.E.B. c/ tubo',25.00,2),(29,'Dente',NULL,2),(30,'Placa de Levante Posterior- Anterior',10.00,2),(31,'Arcos Modificados',15.00,2),(32,'Garrote ou Mola p/ Intrusão',20.00,2),(33,'Solda',20.00,2),(34,'Tela metal',30.00,2),(35,'Barra Transpalatina de encaixe',40.00,3),(37,'B.T.P. + Plano inclinado',70.00,3),(38,'Botão de Nance',60.00,3),(39,'Arco Lingual de Nance',50.00,3),(40,'Banda e Alça',30.00,3),(41,'Bi-Helice',55.00,3),(42,'Quadri-Helice',65.00,3),(47,'Disjuntor Macnamara',75.00,3),(48,'Pendulum',78.00,3),(49,'Pendex',87.00,3),(50,'Platô Fixo Resina',60.00,3),(51,'Platô Fixo Metálico',65.00,3),(52,'Placa Lábio Ativa Fixa (P.L.A)',60.00,3),(53,'Grade Lingual(Obrigatório Articulação)',60.00,3),(54,'Ponto de Solda',25.00,3),(55,'Plano Inclinado',50.00,3),(56,'Klammt  I',140.00,4),(57,'Klammt  II',140.00,4),(58,'Klammt  III',140.00,4),(59,'Bimler (A)',150.00,4),(60,'Bimler (B)',150.00,4),(61,'Bimler (C) ',180.00,4),(62,'Bionator de Balters (Basico ou invertido)',130.00,4),(63,'Planas Simples I',140.00,4),(64,'Planas Simples II',140.00,4),(65,'Planas Simples III',140.00,4),(66,'Planas Composto',160.00,4),(67,'S N (2)',120.00,4),(68,'S N (3)',120.00,4),(69,'S N (1)',150.00,4),(70,'S N (4)',150.00,4),(71,'S N (5)',150.00,4),(72,'S N (6)',150.00,4),(73,'S N (7)',150.00,4),(74,'S N (8)',150.00,4),(75,'S N (9)',150.00,4),(76,'S N (10)',150.00,4),(77,'S N (11)',150.00,4),(78,'Regulador de Função Frankel (1)',150.00,4),(79,'Regulador de Função Frankel (2)',150.00,4),(80,'Regulador de Função Frankel (3)',150.00,4),(81,'Bioajustador (classe I)',140.00,4),(82,'Bioajustador (classe II)',140.00,4),(83,'Bioajustador (classe III)',140.00,4),(84,'Apnéia C/ Pistas',200.00,4),(85,'Apnéia Pinout c/ molas ',140.00,4),(86,'F.A.A',140.00,4),(87,'Consertos Ortopédicos',NULL,4),(88,'Placa de Contenção (Acetato)',60.00,5),(89,'Placa de Acetato c/ expansor ',70.00,5),(90,'Pl  em silicone / acetato ',60.00,5),(91,'Protetor bucal p/ esportes (3 mm)',100.00,5),(92,'Placa de clareamento em silicone ou acetato',50.00,5),(93,'Placa Bruxismo resina ',70.00,5),(94,'Placa Bruxismo prensada ',120.00,5),(95,'Placa Michigan',90.00,5),(96,'Placa Bruxismo c/ Guia canina',90.00,5),(97,'Moldeira individual resina foto',40.00,6),(98,'Placa Base',20.00,6),(99,'Base de prova ',35.00,6),(101,'Remontagem de dentes',25.00,6),(102,'Montagem de Flex',70.00,6),(103,'Consertos com resina',NULL,6),(104,'Acrilização rosa',60.00,6),(105,'Acrilização incolor',65.00,6),(107,'Acrilização caracterizada (S.T.G.)',150.00,6),(108,'Provisória imediata (tipo aparelho)',80.00,6),(109,'Prótese Imediata (Mont.+Acril.) (sem prova)',100.00,6),(110,'Reembasamento',60.00,6),(111,'Prótese semi-Flexivel Pronta',300.00,6),(113,'Enjetar+ acabamento',200.00,6),(114,'Conserto de Flex',NULL,6),(115,'Coroa Venner (Cada elemento)',70.00,7),(116,'Elemento Provisório',45.00,7),(117,'Elemento. Em duralay',25.00,7),(118,'Apoio (ou aletas)',35.00,7),(119,'Enceramento p/ diag. Por Elem.',25.00,7),(120,'Núcleo',70.00,7),(121,'Núcleo Bipartido',80.00,7),(122,'RMF',80.00,7),(123,'PPR (ARMAÇÃO)',150.00,7),(124,'Montagem de protocolo',100.00,8),(125,'Acrilização de protocolo',150.00,8),(126,'Acrilização Caracterizada de protocolo',180.00,8),(127,'Fundição Barra Protocolo (elemento)',NULL,8),(128,'Barra Clip ou Oring (por implante)',150.00,8),(129,'Fundição Ucla',120.00,8),(130,'Guia Cirúrgico (por elemento)',65.00,8),(131,'Fundição Ucla Cone Morse',NULL,8),(132,'Acessórios e componentes á parte',NULL,8),(133,'Copping (por elemento)',70.00,9),(134,'Aplicação porcelana sob implante',180.00,9),(135,'Aplicação de gengiva (por elemento) ',40.00,9),(136,'Aplicação porcelana a partir de (por elemento)',150.00,9),(137,'Aplicação (de cerâmica c/ ombro)',NULL,9),(138,'Facetas (Lente)',180.00,9),(139,'Metal Free',180.00,9),(140,'Copping metálico p/ resina foto',70.00,10),(141,'Aplicação Resina Foto',100.00,10),(143,'Aplicação Gengiva (por elemento)',30.00,10),(144,'Acréscimo Fibrex',25.00,10),(145,'Duplicação de modelos em gesso comum',7.00,11),(146,'Duplicação de modelos em gesso pedra',10.00,11),(147,'Duplicação de modelos em gesso especial',15.00,11),(148,'Vaz. gesso pedra',5.00,12),(149,'Vaz. gesso especial',7.00,12),(150,'Aplicação R.F. para implante ',120.00,10),(151,'Inlay ',100.00,10),(152,'Onlay ',100.00,10),(153,'Facetas',100.00,10),(154,'Coroa',100.00,10),(155,'Vaz. gesso comum ',3.00,12),(156,'Urgência 3 dias (25%) 80,00 ',20.00,13),(157,'Urgência 1 dia (50%) 80,00',40.00,13),(158,'POP ',5.00,14),(159,'NEW ACE',14.50,14),(160,'BIOTONE ',14.50,14),(161,'BIOLUX',14.50,14),(162,'TRILUX',40.00,14),(163,'Disjuntor ',27.00,2),(164,'Cont. Estética ',100.00,1),(165,'Arco R. Ramos',27.00,2),(166,'REFORCO C/ FIO DE ORTO',10.00,2),(167,'DISJUNTOR 13 MM ',27.00,2),(168,'elemento suspenso ',100.00,1),(169,'Ponte Fixa ',100.00,15),(170,'Apoio',50.00,15),(171,'CONSERTOS C/ FIO ORTO ',35.00,6),(172,'BATENTE/PLATÔ RESINA',10.00,2),(173,'EXPANSOR 11mm ',11.00,2),(174,'Expansor 13mm ',11.00,1),(175,'Expansor Dentaurum',15.00,2),(176,'Remontagem - Cortesia ',0.00,6),(177,'PLACA BASE DFL',2.00,2),(178,'DISJUNTOR 11MM ',27.00,2),(179,'FUNDIÇÃO UCLA P/ R.F. ',80.00,10),(180,'PPR LABOR. TATUI ',50.00,6),(181,'Devolução p/ confirmação',0.00,6),(182,'Expansor 7,5mm ',11.00,2),(183,'Acril. Flex l',180.00,6),(184,'Repetição',0.00,1),(185,'Conserto proteses',35.00,6),(186,'Rugas palatinas ',10.00,6),(187,'Dente avulso ',2.50,14),(188,'Exp em leque ',19.50,2),(189,'Mantenedor c/ Exp. Estetico',60.00,1),(190,'PPR LABOR. TATUI 2',60.00,6),(191,'Prov. coccionada s/ grampo',100.00,6),(192,'Hirax ',65.00,3),(193,'Hirax Modificado ',70.00,3),(194,'Hass ',75.00,3),(195,'Hass Modificado ',80.00,3),(196,'Elemento Suspenso ll',80.00,10),(197,'Fibrex Fita ',25.00,2),(198,'Reforçõ c/ fio de orto ll ',5.00,2),(199,'Conserto l ',50.00,6),(200,'Placa de clareamento avulsa ',25.00,5),(201,'Pirulito Grande ',50.00,2),(202,'Pirulito Medio ',50.00,2),(203,'Pirulito pequeno',50.00,2),(204,'PPR LABOR. TATUI lll',70.00,6),(205,'Reeducador Lingual Resina ',10.00,2),(206,'Platô Resina ',10.00,2),(207,'Pl. Acetato para Setap',80.00,5),(208,'Base de Prova (Repetição)',20.00,6),(209,'Cont. 3x3 Higiênica',20.00,1),(210,'Cont. 3x3 Reta ',10.00,1),(211,'Mola p/ Intrusão',20.00,1),(212,'Troquel',15.00,9),(213,'Montagem de dentes ',50.00,6),(214,'Montagem Trilux',80.00,6),(215,'Acrilização Trilux ',80.00,6),(216,'B.T.P.',50.00,3),(217,'Jaqueta ',100.00,10),(218,'PT INCOLOR ',450.00,6),(219,'PT ROSA ',400.00,6),(220,'Grade ',10.00,2),(221,'Begg Modificado ',60.00,1),(222,'Gancho de traçao fixo ',30.00,3),(226,'Pl. inclinado ',10.00,1),(227,'Nucleo para labor ',40.00,9),(228,'Provisoria ',45.00,7);
/*!40000 ALTER TABLE `servicos` ENABLE KEYS */;
UNLOCK TABLES;
/*!40103 SET TIME_ZONE=@OLD_TIME_ZONE */;

/*!40101 SET SQL_MODE=@OLD_SQL_MODE */;
/*!40014 SET FOREIGN_KEY_CHECKS=@OLD_FOREIGN_KEY_CHECKS */;
/*!40014 SET UNIQUE_CHECKS=@OLD_UNIQUE_CHECKS */;
/*!40101 SET CHARACTER_SET_CLIENT=@OLD_CHARACTER_SET_CLIENT */;
/*!40101 SET CHARACTER_SET_RESULTS=@OLD_CHARACTER_SET_RESULTS */;
/*!40101 SET COLLATION_CONNECTION=@OLD_COLLATION_CONNECTION */;
/*!40111 SET SQL_NOTES=@OLD_SQL_NOTES */;

-- Dump completed on 2018-02-08 14:12:57
